-- 02_insert_data.sql
USE placement_database;

-- Programme
INSERT INTO Programme VALUES (101, 'B.Tech');
INSERT INTO Programme VALUES (102, 'M.Tech');
INSERT INTO Programme VALUES (103, 'M.Sc.');
INSERT INTO Programme VALUES (104, 'Ph.D.');

-- Branch
INSERT INTO Branch VALUES (201, 'Mathematics & Computing', 101);
INSERT INTO Branch VALUES (202, 'Computer Science', 101);
INSERT INTO Branch VALUES (203, 'Information & Communication Technology', 101);
INSERT INTO Branch VALUES (204, 'Electronics & VLSI', 101);
INSERT INTO Branch VALUES (205, 'Mechanical Engineering', 101);
INSERT INTO Branch VALUES (206, 'Civil Engineering', 101);
INSERT INTO Branch VALUES (207, 'Electrical Engineering', 101);
INSERT INTO Branch VALUES (208, 'Data Science', 102);

-- Users
INSERT INTO Users (User_ID, First_Name, Last_Name, Email, Role) VALUES (1, 'Aarav', 'Sharma', 'aarav.sharma1@pdms.edu', 'Student');
INSERT INTO Users (User_ID, First_Name, Last_Name, Email, Role) VALUES (2, 'Vivaan', 'Patel', 'vivaan.patel2@pdms.edu', 'Student');
INSERT INTO Users (User_ID, First_Name, Last_Name, Email, Role) VALUES (3, 'Aditya', 'Rathod', 'aditya.rathod3@pdms.edu', 'Student');
INSERT INTO Users (User_ID, First_Name, Last_Name, Email, Role) VALUES (4, 'Arjun', 'Gupta', 'arjun.gupta4@pdms.edu', 'Student');
INSERT INTO Users (User_ID, First_Name, Last_Name, Email, Role) VALUES (5, 'Krishna', 'Verma', 'krishna.verma5@pdms.edu', 'Student');
INSERT INTO Users (User_ID, First_Name, Last_Name, Email, Role) VALUES (6, 'Rohan', 'Joshi', 'rohan.joshi6@pdms.edu', 'Student');
INSERT INTO Users (User_ID, First_Name, Last_Name, Email, Role) VALUES (7, 'Rahul', 'Shah', 'rahul.shah7@pdms.edu', 'Student');
INSERT INTO Users (User_ID, First_Name, Last_Name, Email, Role) VALUES (8, 'Yash', 'Mehta', 'yash.mehta8@pdms.edu', 'Student');
INSERT INTO Users (User_ID, First_Name, Last_Name, Email, Role) VALUES (9, 'Karan', 'Singh', 'karan.singh9@pdms.edu', 'Student');
INSERT INTO Users (User_ID, First_Name, Last_Name, Email, Role) VALUES (10, 'Aman', 'Desai', 'aman.desai10@pdms.edu', 'Student');
INSERT INTO Users (User_ID, First_Name, Last_Name, Email, Role) VALUES (11, 'Harsh', 'Sharma', 'harsh.sharma11@pdms.edu', 'Student');
INSERT INTO Users (User_ID, First_Name, Last_Name, Email, Role) VALUES (12, 'Nikhil', 'Patel', 'nikhil.patel12@pdms.edu', 'Student');
INSERT INTO Users (User_ID, First_Name, Last_Name, Email, Role) VALUES (13, 'Dhruv', 'Rathod', 'dhruv.rathod13@pdms.edu', 'Student');
INSERT INTO Users (User_ID, First_Name, Last_Name, Email, Role) VALUES (14, 'Parth', 'Gupta', 'parth.gupta14@pdms.edu', 'Student');
INSERT INTO Users (User_ID, First_Name, Last_Name, Email, Role) VALUES (15, 'Ishaan', 'Verma', 'ishaan.verma15@pdms.edu', 'Student');
INSERT INTO Users (User_ID, First_Name, Last_Name, Email, Role) VALUES (16, 'Dev', 'Joshi', 'dev.joshi16@pdms.edu', 'Student');
INSERT INTO Users (User_ID, First_Name, Last_Name, Email, Role) VALUES (17, 'Aryan', 'Shah', 'aryan.shah17@pdms.edu', 'Student');
INSERT INTO Users (User_ID, First_Name, Last_Name, Email, Role) VALUES (18, 'Aniket', 'Mehta', 'aniket.mehta18@pdms.edu', 'Student');
INSERT INTO Users (User_ID, First_Name, Last_Name, Email, Role) VALUES (19, 'Ritik', 'Singh', 'ritik.singh19@pdms.edu', 'Student');
INSERT INTO Users (User_ID, First_Name, Last_Name, Email, Role) VALUES (20, 'Soham', 'Desai', 'soham.desai20@pdms.edu', 'Student');
INSERT INTO Users (User_ID, First_Name, Last_Name, Email, Role) VALUES (21, 'Priya', 'Sharma', 'priya.sharma21@pdms.edu', 'Student');
INSERT INTO Users (User_ID, First_Name, Last_Name, Email, Role) VALUES (22, 'Diya', 'Patel', 'diya.patel22@pdms.edu', 'Student');
INSERT INTO Users (User_ID, First_Name, Last_Name, Email, Role) VALUES (23, 'Ananya', 'Rathod', 'ananya.rathod23@pdms.edu', 'Student');
INSERT INTO Users (User_ID, First_Name, Last_Name, Email, Role) VALUES (24, 'Aditi', 'Gupta', 'aditi.gupta24@pdms.edu', 'Student');
INSERT INTO Users (User_ID, First_Name, Last_Name, Email, Role) VALUES (25, 'Sneha', 'Verma', 'sneha.verma25@pdms.edu', 'Student');
INSERT INTO Users (User_ID, First_Name, Last_Name, Email, Role) VALUES (26, 'Riya', 'Joshi', 'riya.joshi26@pdms.edu', 'Student');
INSERT INTO Users (User_ID, First_Name, Last_Name, Email, Role) VALUES (27, 'Kavya', 'Shah', 'kavya.shah27@pdms.edu', 'Student');
INSERT INTO Users (User_ID, First_Name, Last_Name, Email, Role) VALUES (28, 'Pooja', 'Mehta', 'pooja.mehta28@pdms.edu', 'Student');
INSERT INTO Users (User_ID, First_Name, Last_Name, Email, Role) VALUES (29, 'Neha', 'Singh', 'neha.singh29@pdms.edu', 'Student');
INSERT INTO Users (User_ID, First_Name, Last_Name, Email, Role) VALUES (30, 'Ishita', 'Desai', 'ishita.desai30@pdms.edu', 'Student');
INSERT INTO Users (User_ID, First_Name, Last_Name, Email, Role) VALUES (31, 'Meera', 'Sharma', 'meera.sharma31@pdms.edu', 'Student');
INSERT INTO Users (User_ID, First_Name, Last_Name, Email, Role) VALUES (32, 'Nandini', 'Patel', 'nandini.patel32@pdms.edu', 'Student');
INSERT INTO Users (User_ID, First_Name, Last_Name, Email, Role) VALUES (33, 'Khushi', 'Rathod', 'khushi.rathod33@pdms.edu', 'Student');
INSERT INTO Users (User_ID, First_Name, Last_Name, Email, Role) VALUES (34, 'Muskan', 'Gupta', 'muskan.gupta34@pdms.edu', 'Student');
INSERT INTO Users (User_ID, First_Name, Last_Name, Email, Role) VALUES (35, 'Simran', 'Verma', 'simran.verma35@pdms.edu', 'Student');
INSERT INTO Users (User_ID, First_Name, Last_Name, Email, Role) VALUES (36, 'Tanvi', 'Joshi', 'tanvi.joshi36@pdms.edu', 'Student');
INSERT INTO Users (User_ID, First_Name, Last_Name, Email, Role) VALUES (37, 'Palak', 'Shah', 'palak.shah37@pdms.edu', 'Student');
INSERT INTO Users (User_ID, First_Name, Last_Name, Email, Role) VALUES (38, 'Shreya', 'Mehta', 'shreya.mehta38@pdms.edu', 'Student');
INSERT INTO Users (User_ID, First_Name, Last_Name, Email, Role) VALUES (39, 'Vaishnavi', 'Singh', 'vaishnavi.singh39@pdms.edu', 'Student');
INSERT INTO Users (User_ID, First_Name, Last_Name, Email, Role) VALUES (40, 'Riddhi', 'Desai', 'riddhi.desai40@pdms.edu', 'Student');
INSERT INTO Users (User_ID, First_Name, Last_Name, Email, Role) VALUES (41, 'Om', 'Sharma', 'om.sharma41@pdms.edu', 'Student');
INSERT INTO Users (User_ID, First_Name, Last_Name, Email, Role) VALUES (42, 'Jay', 'Patel', 'jay.patel42@pdms.edu', 'Student');
INSERT INTO Users (User_ID, First_Name, Last_Name, Email, Role) VALUES (43, 'Meet', 'Rathod', 'meet.rathod43@pdms.edu', 'Student');
INSERT INTO Users (User_ID, First_Name, Last_Name, Email, Role) VALUES (44, 'Kishan', 'Gupta', 'kishan.gupta44@pdms.edu', 'Student');
INSERT INTO Users (User_ID, First_Name, Last_Name, Email, Role) VALUES (45, 'Bhavesh', 'Verma', 'bhavesh.verma45@pdms.edu', 'Student');
INSERT INTO Users (User_ID, First_Name, Last_Name, Email, Role) VALUES (46, 'Manav', 'Joshi', 'manav.joshi46@pdms.edu', 'Student');
INSERT INTO Users (User_ID, First_Name, Last_Name, Email, Role) VALUES (47, 'Smit', 'Shah', 'smit.shah47@pdms.edu', 'Student');
INSERT INTO Users (User_ID, First_Name, Last_Name, Email, Role) VALUES (48, 'Tirth', 'Mehta', 'tirth.mehta48@pdms.edu', 'Student');
INSERT INTO Users (User_ID, First_Name, Last_Name, Email, Role) VALUES (49, 'Vraj', 'Singh', 'vraj.singh49@pdms.edu', 'Student');
INSERT INTO Users (User_ID, First_Name, Last_Name, Email, Role) VALUES (50, 'Mihir', 'Desai', 'mihir.desai50@pdms.edu', 'Student');
INSERT INTO Users (User_ID, First_Name, Last_Name, Email, Role) VALUES (51, 'Aarav', 'Sharma', 'aarav.sharma51@pdms.edu', 'Student');
INSERT INTO Users (User_ID, First_Name, Last_Name, Email, Role) VALUES (52, 'Vivaan', 'Patel', 'vivaan.patel52@pdms.edu', 'Student');
INSERT INTO Users (User_ID, First_Name, Last_Name, Email, Role) VALUES (53, 'Aditya', 'Rathod', 'aditya.rathod53@pdms.edu', 'Student');
INSERT INTO Users (User_ID, First_Name, Last_Name, Email, Role) VALUES (54, 'Arjun', 'Gupta', 'arjun.gupta54@pdms.edu', 'Student');
INSERT INTO Users (User_ID, First_Name, Last_Name, Email, Role) VALUES (55, 'Krishna', 'Verma', 'krishna.verma55@pdms.edu', 'Student');
INSERT INTO Users (User_ID, First_Name, Last_Name, Email, Role) VALUES (56, 'Rohan', 'Joshi', 'rohan.joshi56@pdms.edu', 'Student');
INSERT INTO Users (User_ID, First_Name, Last_Name, Email, Role) VALUES (57, 'Rahul', 'Shah', 'rahul.shah57@pdms.edu', 'Student');
INSERT INTO Users (User_ID, First_Name, Last_Name, Email, Role) VALUES (58, 'Yash', 'Mehta', 'yash.mehta58@pdms.edu', 'Student');
INSERT INTO Users (User_ID, First_Name, Last_Name, Email, Role) VALUES (59, 'Karan', 'Singh', 'karan.singh59@pdms.edu', 'Student');
INSERT INTO Users (User_ID, First_Name, Last_Name, Email, Role) VALUES (60, 'Aman', 'Desai', 'aman.desai60@pdms.edu', 'Student');
INSERT INTO Users (User_ID, First_Name, Last_Name, Email, Role) VALUES (61, 'Harsh', 'Sharma', 'harsh.sharma61@pdms.edu', 'Alumni');
INSERT INTO Users (User_ID, First_Name, Last_Name, Email, Role) VALUES (62, 'Nikhil', 'Patel', 'nikhil.patel62@pdms.edu', 'Alumni');
INSERT INTO Users (User_ID, First_Name, Last_Name, Email, Role) VALUES (63, 'Dhruv', 'Rathod', 'dhruv.rathod63@pdms.edu', 'Alumni');
INSERT INTO Users (User_ID, First_Name, Last_Name, Email, Role) VALUES (64, 'Parth', 'Gupta', 'parth.gupta64@pdms.edu', 'Alumni');
INSERT INTO Users (User_ID, First_Name, Last_Name, Email, Role) VALUES (65, 'Ishaan', 'Verma', 'ishaan.verma65@pdms.edu', 'Alumni');
INSERT INTO Users (User_ID, First_Name, Last_Name, Email, Role) VALUES (66, 'Dev', 'Joshi', 'dev.joshi66@pdms.edu', 'Alumni');
INSERT INTO Users (User_ID, First_Name, Last_Name, Email, Role) VALUES (67, 'Aryan', 'Shah', 'aryan.shah67@pdms.edu', 'Alumni');
INSERT INTO Users (User_ID, First_Name, Last_Name, Email, Role) VALUES (68, 'Aniket', 'Mehta', 'aniket.mehta68@pdms.edu', 'Alumni');
INSERT INTO Users (User_ID, First_Name, Last_Name, Email, Role) VALUES (69, 'Ritik', 'Singh', 'ritik.singh69@pdms.edu', 'Alumni');
INSERT INTO Users (User_ID, First_Name, Last_Name, Email, Role) VALUES (70, 'Soham', 'Desai', 'soham.desai70@pdms.edu', 'Alumni');
INSERT INTO Users (User_ID, First_Name, Last_Name, Email, Role) VALUES (71, 'Priya', 'Sharma', 'priya.sharma71@pdms.edu', 'Alumni');
INSERT INTO Users (User_ID, First_Name, Last_Name, Email, Role) VALUES (72, 'Diya', 'Patel', 'diya.patel72@pdms.edu', 'Alumni');
INSERT INTO Users (User_ID, First_Name, Last_Name, Email, Role) VALUES (73, 'Ananya', 'Rathod', 'ananya.rathod73@pdms.edu', 'Alumni');
INSERT INTO Users (User_ID, First_Name, Last_Name, Email, Role) VALUES (74, 'Aditi', 'Gupta', 'aditi.gupta74@pdms.edu', 'Alumni');
INSERT INTO Users (User_ID, First_Name, Last_Name, Email, Role) VALUES (75, 'Sneha', 'Verma', 'sneha.verma75@pdms.edu', 'Alumni');
INSERT INTO Users (User_ID, First_Name, Last_Name, Email, Role) VALUES (76, 'Riya', 'Joshi', 'riya.joshi76@pdms.edu', 'Alumni');
INSERT INTO Users (User_ID, First_Name, Last_Name, Email, Role) VALUES (77, 'Kavya', 'Shah', 'kavya.shah77@pdms.edu', 'Alumni');
INSERT INTO Users (User_ID, First_Name, Last_Name, Email, Role) VALUES (78, 'Pooja', 'Mehta', 'pooja.mehta78@pdms.edu', 'Alumni');
INSERT INTO Users (User_ID, First_Name, Last_Name, Email, Role) VALUES (79, 'Neha', 'Singh', 'neha.singh79@pdms.edu', 'Alumni');
INSERT INTO Users (User_ID, First_Name, Last_Name, Email, Role) VALUES (80, 'Ishita', 'Desai', 'ishita.desai80@pdms.edu', 'Alumni');
INSERT INTO Users (User_ID, First_Name, Last_Name, Email, Role) VALUES (81, 'Meera', 'Sharma', 'meera.sharma81@pdms.edu', 'Admin');
INSERT INTO Users (User_ID, First_Name, Last_Name, Email, Role) VALUES (82, 'Nandini', 'Patel', 'nandini.patel82@pdms.edu', 'Admin');
INSERT INTO Users (User_ID, First_Name, Last_Name, Email, Role) VALUES (83, 'Khushi', 'Rathod', 'khushi.rathod83@pdms.edu', 'Admin');
INSERT INTO Users (User_ID, First_Name, Last_Name, Email, Role) VALUES (84, 'Muskan', 'Gupta', 'muskan.gupta84@pdms.edu', 'Admin');
INSERT INTO Users (User_ID, First_Name, Last_Name, Email, Role) VALUES (85, 'Simran', 'Verma', 'simran.verma85@pdms.edu', 'Admin');
INSERT INTO Users (User_ID, First_Name, Last_Name, Email, Role) VALUES (86, 'Tanvi', 'Joshi', 'tanvi.joshi86@pdms.edu', 'Admin');
INSERT INTO Users (User_ID, First_Name, Last_Name, Email, Role) VALUES (87, 'Palak', 'Shah', 'palak.shah87@pdms.edu', 'Admin');
INSERT INTO Users (User_ID, First_Name, Last_Name, Email, Role) VALUES (88, 'Shreya', 'Mehta', 'shreya.mehta88@pdms.edu', 'Admin');
INSERT INTO Users (User_ID, First_Name, Last_Name, Email, Role) VALUES (89, 'Vaishnavi', 'Singh', 'vaishnavi.singh89@pdms.edu', 'Admin');
INSERT INTO Users (User_ID, First_Name, Last_Name, Email, Role) VALUES (90, 'Riddhi', 'Desai', 'riddhi.desai90@pdms.edu', 'Admin');
INSERT INTO Users (User_ID, First_Name, Last_Name, Email, Role) VALUES (91, 'Om', 'Sharma', 'om.sharma91@pdms.edu', 'Recruiter');
INSERT INTO Users (User_ID, First_Name, Last_Name, Email, Role) VALUES (92, 'Jay', 'Patel', 'jay.patel92@pdms.edu', 'Recruiter');
INSERT INTO Users (User_ID, First_Name, Last_Name, Email, Role) VALUES (93, 'Meet', 'Rathod', 'meet.rathod93@pdms.edu', 'Recruiter');
INSERT INTO Users (User_ID, First_Name, Last_Name, Email, Role) VALUES (94, 'Kishan', 'Gupta', 'kishan.gupta94@pdms.edu', 'Recruiter');
INSERT INTO Users (User_ID, First_Name, Last_Name, Email, Role) VALUES (95, 'Bhavesh', 'Verma', 'bhavesh.verma95@pdms.edu', 'Recruiter');
INSERT INTO Users (User_ID, First_Name, Last_Name, Email, Role) VALUES (96, 'Manav', 'Joshi', 'manav.joshi96@pdms.edu', 'Recruiter');
INSERT INTO Users (User_ID, First_Name, Last_Name, Email, Role) VALUES (97, 'Smit', 'Shah', 'smit.shah97@pdms.edu', 'Recruiter');
INSERT INTO Users (User_ID, First_Name, Last_Name, Email, Role) VALUES (98, 'Tirth', 'Mehta', 'tirth.mehta98@pdms.edu', 'Recruiter');
INSERT INTO Users (User_ID, First_Name, Last_Name, Email, Role) VALUES (99, 'Vraj', 'Singh', 'vraj.singh99@pdms.edu', 'Recruiter');
INSERT INTO Users (User_ID, First_Name, Last_Name, Email, Role) VALUES (100, 'Mihir', 'Desai', 'mihir.desai100@pdms.edu', 'Recruiter');

-- Phone_No
INSERT INTO Phone_No (Phone_No, User_ID) VALUES ('9800000001', 1);
INSERT INTO Phone_No (Phone_No, User_ID) VALUES ('9800000002', 2);
INSERT INTO Phone_No (Phone_No, User_ID) VALUES ('9800000003', 3);
INSERT INTO Phone_No (Phone_No, User_ID) VALUES ('9800000004', 4);
INSERT INTO Phone_No (Phone_No, User_ID) VALUES ('9800000005', 5);
INSERT INTO Phone_No (Phone_No, User_ID) VALUES ('9800000006', 6);
INSERT INTO Phone_No (Phone_No, User_ID) VALUES ('9800000007', 7);
INSERT INTO Phone_No (Phone_No, User_ID) VALUES ('9800000008', 8);
INSERT INTO Phone_No (Phone_No, User_ID) VALUES ('9800000009', 9);
INSERT INTO Phone_No (Phone_No, User_ID) VALUES ('9800000010', 10);
INSERT INTO Phone_No (Phone_No, User_ID) VALUES ('9800000011', 11);
INSERT INTO Phone_No (Phone_No, User_ID) VALUES ('9800000012', 12);
INSERT INTO Phone_No (Phone_No, User_ID) VALUES ('9800000013', 13);
INSERT INTO Phone_No (Phone_No, User_ID) VALUES ('9800000014', 14);
INSERT INTO Phone_No (Phone_No, User_ID) VALUES ('9800000015', 15);
INSERT INTO Phone_No (Phone_No, User_ID) VALUES ('9800000016', 16);
INSERT INTO Phone_No (Phone_No, User_ID) VALUES ('9800000017', 17);
INSERT INTO Phone_No (Phone_No, User_ID) VALUES ('9800000018', 18);
INSERT INTO Phone_No (Phone_No, User_ID) VALUES ('9800000019', 19);
INSERT INTO Phone_No (Phone_No, User_ID) VALUES ('9800000020', 20);
INSERT INTO Phone_No (Phone_No, User_ID) VALUES ('9800000021', 21);
INSERT INTO Phone_No (Phone_No, User_ID) VALUES ('9800000022', 22);
INSERT INTO Phone_No (Phone_No, User_ID) VALUES ('9800000023', 23);
INSERT INTO Phone_No (Phone_No, User_ID) VALUES ('9800000024', 24);
INSERT INTO Phone_No (Phone_No, User_ID) VALUES ('9800000025', 25);
INSERT INTO Phone_No (Phone_No, User_ID) VALUES ('9800000026', 26);
INSERT INTO Phone_No (Phone_No, User_ID) VALUES ('9800000027', 27);
INSERT INTO Phone_No (Phone_No, User_ID) VALUES ('9800000028', 28);
INSERT INTO Phone_No (Phone_No, User_ID) VALUES ('9800000029', 29);
INSERT INTO Phone_No (Phone_No, User_ID) VALUES ('9800000030', 30);
INSERT INTO Phone_No (Phone_No, User_ID) VALUES ('9800000031', 31);
INSERT INTO Phone_No (Phone_No, User_ID) VALUES ('9800000032', 32);
INSERT INTO Phone_No (Phone_No, User_ID) VALUES ('9800000033', 33);
INSERT INTO Phone_No (Phone_No, User_ID) VALUES ('9800000034', 34);
INSERT INTO Phone_No (Phone_No, User_ID) VALUES ('9800000035', 35);
INSERT INTO Phone_No (Phone_No, User_ID) VALUES ('9800000036', 36);
INSERT INTO Phone_No (Phone_No, User_ID) VALUES ('9800000037', 37);
INSERT INTO Phone_No (Phone_No, User_ID) VALUES ('9800000038', 38);
INSERT INTO Phone_No (Phone_No, User_ID) VALUES ('9800000039', 39);
INSERT INTO Phone_No (Phone_No, User_ID) VALUES ('9800000040', 40);
INSERT INTO Phone_No (Phone_No, User_ID) VALUES ('9800000041', 41);
INSERT INTO Phone_No (Phone_No, User_ID) VALUES ('9800000042', 42);
INSERT INTO Phone_No (Phone_No, User_ID) VALUES ('9800000043', 43);
INSERT INTO Phone_No (Phone_No, User_ID) VALUES ('9800000044', 44);
INSERT INTO Phone_No (Phone_No, User_ID) VALUES ('9800000045', 45);
INSERT INTO Phone_No (Phone_No, User_ID) VALUES ('9800000046', 46);
INSERT INTO Phone_No (Phone_No, User_ID) VALUES ('9800000047', 47);
INSERT INTO Phone_No (Phone_No, User_ID) VALUES ('9800000048', 48);
INSERT INTO Phone_No (Phone_No, User_ID) VALUES ('9800000049', 49);
INSERT INTO Phone_No (Phone_No, User_ID) VALUES ('9800000050', 50);
INSERT INTO Phone_No (Phone_No, User_ID) VALUES ('9800000051', 51);
INSERT INTO Phone_No (Phone_No, User_ID) VALUES ('9800000052', 52);
INSERT INTO Phone_No (Phone_No, User_ID) VALUES ('9800000053', 53);
INSERT INTO Phone_No (Phone_No, User_ID) VALUES ('9800000054', 54);
INSERT INTO Phone_No (Phone_No, User_ID) VALUES ('9800000055', 55);
INSERT INTO Phone_No (Phone_No, User_ID) VALUES ('9800000056', 56);
INSERT INTO Phone_No (Phone_No, User_ID) VALUES ('9800000057', 57);
INSERT INTO Phone_No (Phone_No, User_ID) VALUES ('9800000058', 58);
INSERT INTO Phone_No (Phone_No, User_ID) VALUES ('9800000059', 59);
INSERT INTO Phone_No (Phone_No, User_ID) VALUES ('9800000060', 60);
INSERT INTO Phone_No (Phone_No, User_ID) VALUES ('9800000061', 61);
INSERT INTO Phone_No (Phone_No, User_ID) VALUES ('9800000062', 62);
INSERT INTO Phone_No (Phone_No, User_ID) VALUES ('9800000063', 63);
INSERT INTO Phone_No (Phone_No, User_ID) VALUES ('9800000064', 64);
INSERT INTO Phone_No (Phone_No, User_ID) VALUES ('9800000065', 65);
INSERT INTO Phone_No (Phone_No, User_ID) VALUES ('9800000066', 66);
INSERT INTO Phone_No (Phone_No, User_ID) VALUES ('9800000067', 67);
INSERT INTO Phone_No (Phone_No, User_ID) VALUES ('9800000068', 68);
INSERT INTO Phone_No (Phone_No, User_ID) VALUES ('9800000069', 69);
INSERT INTO Phone_No (Phone_No, User_ID) VALUES ('9800000070', 70);
INSERT INTO Phone_No (Phone_No, User_ID) VALUES ('9800000071', 71);
INSERT INTO Phone_No (Phone_No, User_ID) VALUES ('9800000072', 72);
INSERT INTO Phone_No (Phone_No, User_ID) VALUES ('9800000073', 73);
INSERT INTO Phone_No (Phone_No, User_ID) VALUES ('9800000074', 74);
INSERT INTO Phone_No (Phone_No, User_ID) VALUES ('9800000075', 75);
INSERT INTO Phone_No (Phone_No, User_ID) VALUES ('9800000076', 76);
INSERT INTO Phone_No (Phone_No, User_ID) VALUES ('9800000077', 77);
INSERT INTO Phone_No (Phone_No, User_ID) VALUES ('9800000078', 78);
INSERT INTO Phone_No (Phone_No, User_ID) VALUES ('9800000079', 79);
INSERT INTO Phone_No (Phone_No, User_ID) VALUES ('9800000080', 80);
INSERT INTO Phone_No (Phone_No, User_ID) VALUES ('9800000081', 81);
INSERT INTO Phone_No (Phone_No, User_ID) VALUES ('9800000082', 82);
INSERT INTO Phone_No (Phone_No, User_ID) VALUES ('9800000083', 83);
INSERT INTO Phone_No (Phone_No, User_ID) VALUES ('9800000084', 84);
INSERT INTO Phone_No (Phone_No, User_ID) VALUES ('9800000085', 85);
INSERT INTO Phone_No (Phone_No, User_ID) VALUES ('9800000086', 86);
INSERT INTO Phone_No (Phone_No, User_ID) VALUES ('9800000087', 87);
INSERT INTO Phone_No (Phone_No, User_ID) VALUES ('9800000088', 88);
INSERT INTO Phone_No (Phone_No, User_ID) VALUES ('9800000089', 89);
INSERT INTO Phone_No (Phone_No, User_ID) VALUES ('9800000090', 90);
INSERT INTO Phone_No (Phone_No, User_ID) VALUES ('9800000091', 91);
INSERT INTO Phone_No (Phone_No, User_ID) VALUES ('9800000092', 92);
INSERT INTO Phone_No (Phone_No, User_ID) VALUES ('9800000093', 93);
INSERT INTO Phone_No (Phone_No, User_ID) VALUES ('9800000094', 94);
INSERT INTO Phone_No (Phone_No, User_ID) VALUES ('9800000095', 95);
INSERT INTO Phone_No (Phone_No, User_ID) VALUES ('9800000096', 96);
INSERT INTO Phone_No (Phone_No, User_ID) VALUES ('9800000097', 97);
INSERT INTO Phone_No (Phone_No, User_ID) VALUES ('9800000098', 98);
INSERT INTO Phone_No (Phone_No, User_ID) VALUES ('9800000099', 99);
INSERT INTO Phone_No (Phone_No, User_ID) VALUES ('9800000100', 100);

-- Student
INSERT INTO Student (Student_ID, Branch_ID, Year_Of_Study, CPI, Date_Of_Birth, Backlogs) VALUES (1, 201, 1, 7.20, '2003-02-21', 0);
INSERT INTO Student (Student_ID, Branch_ID, Year_Of_Study, CPI, Date_Of_Birth, Backlogs) VALUES (2, 202, 2, 7.90, '2003-03-30', 0);
INSERT INTO Student (Student_ID, Branch_ID, Year_Of_Study, CPI, Date_Of_Birth, Backlogs) VALUES (3, 203, 3, 8.60, '2003-05-06', 0);
INSERT INTO Student (Student_ID, Branch_ID, Year_Of_Study, CPI, Date_Of_Birth, Backlogs) VALUES (4, 204, 4, 9.30, '2003-06-12', 0);
INSERT INTO Student (Student_ID, Branch_ID, Year_Of_Study, CPI, Date_Of_Birth, Backlogs) VALUES (5, 205, 1, 9.80, '2003-07-19', 1);
INSERT INTO Student (Student_ID, Branch_ID, Year_Of_Study, CPI, Date_Of_Birth, Backlogs) VALUES (6, 206, 2, 7.10, '2003-08-25', 0);
INSERT INTO Student (Student_ID, Branch_ID, Year_Of_Study, CPI, Date_Of_Birth, Backlogs) VALUES (7, 207, 3, 7.80, '2003-10-01', 0);
INSERT INTO Student (Student_ID, Branch_ID, Year_Of_Study, CPI, Date_Of_Birth, Backlogs) VALUES (8, 208, 4, 8.50, '2003-11-07', 0);
INSERT INTO Student (Student_ID, Branch_ID, Year_Of_Study, CPI, Date_Of_Birth, Backlogs) VALUES (9, 201, 1, 9.20, '2003-12-14', 0);
INSERT INTO Student (Student_ID, Branch_ID, Year_Of_Study, CPI, Date_Of_Birth, Backlogs) VALUES (10, 202, 2, 9.90, '2004-01-20', 1);
INSERT INTO Student (Student_ID, Branch_ID, Year_Of_Study, CPI, Date_Of_Birth, Backlogs) VALUES (11, 203, 3, 7.00, '2004-02-26', 0);
INSERT INTO Student (Student_ID, Branch_ID, Year_Of_Study, CPI, Date_Of_Birth, Backlogs) VALUES (12, 204, 4, 7.70, '2004-04-03', 0);
INSERT INTO Student (Student_ID, Branch_ID, Year_Of_Study, CPI, Date_Of_Birth, Backlogs) VALUES (13, 205, 1, 8.40, '2004-05-10', 0);
INSERT INTO Student (Student_ID, Branch_ID, Year_Of_Study, CPI, Date_Of_Birth, Backlogs) VALUES (14, 206, 2, 9.10, '2004-06-16', 0);
INSERT INTO Student (Student_ID, Branch_ID, Year_Of_Study, CPI, Date_Of_Birth, Backlogs) VALUES (15, 207, 3, 9.80, '2004-07-23', 1);
INSERT INTO Student (Student_ID, Branch_ID, Year_Of_Study, CPI, Date_Of_Birth, Backlogs) VALUES (16, 208, 4, 6.90, '2004-08-29', 0);
INSERT INTO Student (Student_ID, Branch_ID, Year_Of_Study, CPI, Date_Of_Birth, Backlogs) VALUES (17, 201, 1, 7.60, '2004-10-05', 0);
INSERT INTO Student (Student_ID, Branch_ID, Year_Of_Study, CPI, Date_Of_Birth, Backlogs) VALUES (18, 202, 2, 8.30, '2004-11-11', 0);
INSERT INTO Student (Student_ID, Branch_ID, Year_Of_Study, CPI, Date_Of_Birth, Backlogs) VALUES (19, 203, 3, 9.00, '2004-12-18', 0);
INSERT INTO Student (Student_ID, Branch_ID, Year_Of_Study, CPI, Date_Of_Birth, Backlogs) VALUES (20, 204, 4, 9.70, '2005-01-24', 1);
INSERT INTO Student (Student_ID, Branch_ID, Year_Of_Study, CPI, Date_Of_Birth, Backlogs) VALUES (21, 205, 1, 6.80, '2005-03-02', 0);
INSERT INTO Student (Student_ID, Branch_ID, Year_Of_Study, CPI, Date_Of_Birth, Backlogs) VALUES (22, 206, 2, 7.50, '2005-04-08', 0);
INSERT INTO Student (Student_ID, Branch_ID, Year_Of_Study, CPI, Date_Of_Birth, Backlogs) VALUES (23, 207, 3, 8.20, '2005-05-15', 0);
INSERT INTO Student (Student_ID, Branch_ID, Year_Of_Study, CPI, Date_Of_Birth, Backlogs) VALUES (24, 208, 4, 8.90, '2005-06-21', 0);
INSERT INTO Student (Student_ID, Branch_ID, Year_Of_Study, CPI, Date_Of_Birth, Backlogs) VALUES (25, 201, 1, 9.60, '2005-07-28', 1);
INSERT INTO Student (Student_ID, Branch_ID, Year_Of_Study, CPI, Date_Of_Birth, Backlogs) VALUES (26, 202, 2, 6.70, '2005-09-03', 0);
INSERT INTO Student (Student_ID, Branch_ID, Year_Of_Study, CPI, Date_Of_Birth, Backlogs) VALUES (27, 203, 3, 7.40, '2005-10-10', 0);
INSERT INTO Student (Student_ID, Branch_ID, Year_Of_Study, CPI, Date_Of_Birth, Backlogs) VALUES (28, 204, 4, 8.10, '2005-11-16', 0);
INSERT INTO Student (Student_ID, Branch_ID, Year_Of_Study, CPI, Date_Of_Birth, Backlogs) VALUES (29, 205, 1, 8.80, '2005-12-23', 0);
INSERT INTO Student (Student_ID, Branch_ID, Year_Of_Study, CPI, Date_Of_Birth, Backlogs) VALUES (30, 206, 2, 9.50, '2006-01-29', 1);
INSERT INTO Student (Student_ID, Branch_ID, Year_Of_Study, CPI, Date_Of_Birth, Backlogs) VALUES (31, 207, 3, 6.60, '2006-03-07', 0);
INSERT INTO Student (Student_ID, Branch_ID, Year_Of_Study, CPI, Date_Of_Birth, Backlogs) VALUES (32, 208, 4, 7.30, '2006-04-13', 0);
INSERT INTO Student (Student_ID, Branch_ID, Year_Of_Study, CPI, Date_Of_Birth, Backlogs) VALUES (33, 201, 1, 8.00, '2006-05-20', 0);
INSERT INTO Student (Student_ID, Branch_ID, Year_Of_Study, CPI, Date_Of_Birth, Backlogs) VALUES (34, 202, 2, 8.70, '2006-06-26', 0);
INSERT INTO Student (Student_ID, Branch_ID, Year_Of_Study, CPI, Date_Of_Birth, Backlogs) VALUES (35, 203, 3, 9.40, '2006-08-02', 1);
INSERT INTO Student (Student_ID, Branch_ID, Year_Of_Study, CPI, Date_Of_Birth, Backlogs) VALUES (36, 204, 4, 6.50, '2006-09-08', 0);
INSERT INTO Student (Student_ID, Branch_ID, Year_Of_Study, CPI, Date_Of_Birth, Backlogs) VALUES (37, 205, 1, 7.20, '2006-10-15', 0);
INSERT INTO Student (Student_ID, Branch_ID, Year_Of_Study, CPI, Date_Of_Birth, Backlogs) VALUES (38, 206, 2, 7.90, '2006-11-21', 0);
INSERT INTO Student (Student_ID, Branch_ID, Year_Of_Study, CPI, Date_Of_Birth, Backlogs) VALUES (39, 207, 3, 8.60, '2006-12-28', 0);
INSERT INTO Student (Student_ID, Branch_ID, Year_Of_Study, CPI, Date_Of_Birth, Backlogs) VALUES (40, 208, 4, 9.30, '2007-02-03', 1);
INSERT INTO Student (Student_ID, Branch_ID, Year_Of_Study, CPI, Date_Of_Birth, Backlogs) VALUES (41, 201, 1, 9.80, '2007-03-12', 0);
INSERT INTO Student (Student_ID, Branch_ID, Year_Of_Study, CPI, Date_Of_Birth, Backlogs) VALUES (42, 202, 2, 7.10, '2007-04-18', 0);
INSERT INTO Student (Student_ID, Branch_ID, Year_Of_Study, CPI, Date_Of_Birth, Backlogs) VALUES (43, 203, 3, 7.80, '2007-05-25', 0);
INSERT INTO Student (Student_ID, Branch_ID, Year_Of_Study, CPI, Date_Of_Birth, Backlogs) VALUES (44, 204, 4, 8.50, '2007-07-01', 0);
INSERT INTO Student (Student_ID, Branch_ID, Year_Of_Study, CPI, Date_Of_Birth, Backlogs) VALUES (45, 205, 1, 9.20, '2007-08-07', 1);
INSERT INTO Student (Student_ID, Branch_ID, Year_Of_Study, CPI, Date_Of_Birth, Backlogs) VALUES (46, 206, 2, 9.90, '2007-09-13', 0);
INSERT INTO Student (Student_ID, Branch_ID, Year_Of_Study, CPI, Date_Of_Birth, Backlogs) VALUES (47, 207, 3, 7.00, '2007-10-20', 0);
INSERT INTO Student (Student_ID, Branch_ID, Year_Of_Study, CPI, Date_Of_Birth, Backlogs) VALUES (48, 208, 4, 7.70, '2007-11-26', 0);
INSERT INTO Student (Student_ID, Branch_ID, Year_Of_Study, CPI, Date_Of_Birth, Backlogs) VALUES (49, 201, 1, 8.40, '2008-01-02', 0);
INSERT INTO Student (Student_ID, Branch_ID, Year_Of_Study, CPI, Date_Of_Birth, Backlogs) VALUES (50, 202, 2, 9.10, '2008-02-08', 1);
INSERT INTO Student (Student_ID, Branch_ID, Year_Of_Study, CPI, Date_Of_Birth, Backlogs) VALUES (51, 203, 3, 9.80, '2008-03-16', 0);
INSERT INTO Student (Student_ID, Branch_ID, Year_Of_Study, CPI, Date_Of_Birth, Backlogs) VALUES (52, 204, 4, 6.90, '2008-04-22', 0);
INSERT INTO Student (Student_ID, Branch_ID, Year_Of_Study, CPI, Date_Of_Birth, Backlogs) VALUES (53, 205, 1, 7.60, '2008-05-29', 0);
INSERT INTO Student (Student_ID, Branch_ID, Year_Of_Study, CPI, Date_Of_Birth, Backlogs) VALUES (54, 206, 2, 8.30, '2008-07-05', 0);
INSERT INTO Student (Student_ID, Branch_ID, Year_Of_Study, CPI, Date_Of_Birth, Backlogs) VALUES (55, 207, 3, 9.00, '2008-08-11', 1);
INSERT INTO Student (Student_ID, Branch_ID, Year_Of_Study, CPI, Date_Of_Birth, Backlogs) VALUES (56, 208, 4, 9.70, '2008-09-17', 0);
INSERT INTO Student (Student_ID, Branch_ID, Year_Of_Study, CPI, Date_Of_Birth, Backlogs) VALUES (57, 201, 1, 6.80, '2008-10-24', 0);
INSERT INTO Student (Student_ID, Branch_ID, Year_Of_Study, CPI, Date_Of_Birth, Backlogs) VALUES (58, 202, 2, 7.50, '2008-11-30', 0);
INSERT INTO Student (Student_ID, Branch_ID, Year_Of_Study, CPI, Date_Of_Birth, Backlogs) VALUES (59, 203, 3, 8.20, '2009-01-06', 0);
INSERT INTO Student (Student_ID, Branch_ID, Year_Of_Study, CPI, Date_Of_Birth, Backlogs) VALUES (60, 204, 4, 8.90, '2009-02-12', 1);

-- Document
INSERT INTO Document (Student_ID, Document_Name, Document_Type) VALUES (1, 'Resume', 'PDF');
INSERT INTO Document (Student_ID, Document_Name, Document_Type) VALUES (1, 'Transcript', 'PDF');
INSERT INTO Document (Student_ID, Document_Name, Document_Type) VALUES (2, 'Resume', 'PDF');
INSERT INTO Document (Student_ID, Document_Name, Document_Type) VALUES (2, 'Transcript', 'PDF');
INSERT INTO Document (Student_ID, Document_Name, Document_Type) VALUES (3, 'Resume', 'PDF');
INSERT INTO Document (Student_ID, Document_Name, Document_Type) VALUES (3, 'Transcript', 'PDF');
INSERT INTO Document (Student_ID, Document_Name, Document_Type) VALUES (4, 'Resume', 'PDF');
INSERT INTO Document (Student_ID, Document_Name, Document_Type) VALUES (4, 'Transcript', 'PDF');
INSERT INTO Document (Student_ID, Document_Name, Document_Type) VALUES (5, 'Resume', 'PDF');
INSERT INTO Document (Student_ID, Document_Name, Document_Type) VALUES (5, 'Transcript', 'PDF');
INSERT INTO Document (Student_ID, Document_Name, Document_Type) VALUES (6, 'Resume', 'PDF');
INSERT INTO Document (Student_ID, Document_Name, Document_Type) VALUES (6, 'Transcript', 'PDF');
INSERT INTO Document (Student_ID, Document_Name, Document_Type) VALUES (7, 'Resume', 'PDF');
INSERT INTO Document (Student_ID, Document_Name, Document_Type) VALUES (7, 'Transcript', 'PDF');
INSERT INTO Document (Student_ID, Document_Name, Document_Type) VALUES (8, 'Resume', 'PDF');
INSERT INTO Document (Student_ID, Document_Name, Document_Type) VALUES (8, 'Transcript', 'PDF');
INSERT INTO Document (Student_ID, Document_Name, Document_Type) VALUES (9, 'Resume', 'PDF');
INSERT INTO Document (Student_ID, Document_Name, Document_Type) VALUES (9, 'Transcript', 'PDF');
INSERT INTO Document (Student_ID, Document_Name, Document_Type) VALUES (10, 'Resume', 'PDF');
INSERT INTO Document (Student_ID, Document_Name, Document_Type) VALUES (10, 'Transcript', 'PDF');
INSERT INTO Document (Student_ID, Document_Name, Document_Type) VALUES (11, 'Resume', 'PDF');
INSERT INTO Document (Student_ID, Document_Name, Document_Type) VALUES (11, 'Transcript', 'PDF');
INSERT INTO Document (Student_ID, Document_Name, Document_Type) VALUES (12, 'Resume', 'PDF');
INSERT INTO Document (Student_ID, Document_Name, Document_Type) VALUES (12, 'Transcript', 'PDF');
INSERT INTO Document (Student_ID, Document_Name, Document_Type) VALUES (13, 'Resume', 'PDF');
INSERT INTO Document (Student_ID, Document_Name, Document_Type) VALUES (13, 'Transcript', 'PDF');
INSERT INTO Document (Student_ID, Document_Name, Document_Type) VALUES (14, 'Resume', 'PDF');
INSERT INTO Document (Student_ID, Document_Name, Document_Type) VALUES (14, 'Transcript', 'PDF');
INSERT INTO Document (Student_ID, Document_Name, Document_Type) VALUES (15, 'Resume', 'PDF');
INSERT INTO Document (Student_ID, Document_Name, Document_Type) VALUES (15, 'Transcript', 'PDF');
INSERT INTO Document (Student_ID, Document_Name, Document_Type) VALUES (16, 'Resume', 'PDF');
INSERT INTO Document (Student_ID, Document_Name, Document_Type) VALUES (16, 'Transcript', 'PDF');
INSERT INTO Document (Student_ID, Document_Name, Document_Type) VALUES (17, 'Resume', 'PDF');
INSERT INTO Document (Student_ID, Document_Name, Document_Type) VALUES (17, 'Transcript', 'PDF');
INSERT INTO Document (Student_ID, Document_Name, Document_Type) VALUES (18, 'Resume', 'PDF');
INSERT INTO Document (Student_ID, Document_Name, Document_Type) VALUES (18, 'Transcript', 'PDF');
INSERT INTO Document (Student_ID, Document_Name, Document_Type) VALUES (19, 'Resume', 'PDF');
INSERT INTO Document (Student_ID, Document_Name, Document_Type) VALUES (19, 'Transcript', 'PDF');
INSERT INTO Document (Student_ID, Document_Name, Document_Type) VALUES (20, 'Resume', 'PDF');
INSERT INTO Document (Student_ID, Document_Name, Document_Type) VALUES (20, 'Transcript', 'PDF');
INSERT INTO Document (Student_ID, Document_Name, Document_Type) VALUES (21, 'Resume', 'PDF');
INSERT INTO Document (Student_ID, Document_Name, Document_Type) VALUES (21, 'Transcript', 'PDF');
INSERT INTO Document (Student_ID, Document_Name, Document_Type) VALUES (22, 'Resume', 'PDF');
INSERT INTO Document (Student_ID, Document_Name, Document_Type) VALUES (22, 'Transcript', 'PDF');
INSERT INTO Document (Student_ID, Document_Name, Document_Type) VALUES (23, 'Resume', 'PDF');
INSERT INTO Document (Student_ID, Document_Name, Document_Type) VALUES (23, 'Transcript', 'PDF');
INSERT INTO Document (Student_ID, Document_Name, Document_Type) VALUES (24, 'Resume', 'PDF');
INSERT INTO Document (Student_ID, Document_Name, Document_Type) VALUES (24, 'Transcript', 'PDF');
INSERT INTO Document (Student_ID, Document_Name, Document_Type) VALUES (25, 'Resume', 'PDF');
INSERT INTO Document (Student_ID, Document_Name, Document_Type) VALUES (25, 'Transcript', 'PDF');
INSERT INTO Document (Student_ID, Document_Name, Document_Type) VALUES (26, 'Resume', 'PDF');
INSERT INTO Document (Student_ID, Document_Name, Document_Type) VALUES (26, 'Transcript', 'PDF');
INSERT INTO Document (Student_ID, Document_Name, Document_Type) VALUES (27, 'Resume', 'PDF');
INSERT INTO Document (Student_ID, Document_Name, Document_Type) VALUES (27, 'Transcript', 'PDF');
INSERT INTO Document (Student_ID, Document_Name, Document_Type) VALUES (28, 'Resume', 'PDF');
INSERT INTO Document (Student_ID, Document_Name, Document_Type) VALUES (28, 'Transcript', 'PDF');
INSERT INTO Document (Student_ID, Document_Name, Document_Type) VALUES (29, 'Resume', 'PDF');
INSERT INTO Document (Student_ID, Document_Name, Document_Type) VALUES (29, 'Transcript', 'PDF');
INSERT INTO Document (Student_ID, Document_Name, Document_Type) VALUES (30, 'Resume', 'PDF');
INSERT INTO Document (Student_ID, Document_Name, Document_Type) VALUES (30, 'Transcript', 'PDF');
INSERT INTO Document (Student_ID, Document_Name, Document_Type) VALUES (31, 'Resume', 'PDF');
INSERT INTO Document (Student_ID, Document_Name, Document_Type) VALUES (31, 'Transcript', 'PDF');
INSERT INTO Document (Student_ID, Document_Name, Document_Type) VALUES (32, 'Resume', 'PDF');
INSERT INTO Document (Student_ID, Document_Name, Document_Type) VALUES (32, 'Transcript', 'PDF');
INSERT INTO Document (Student_ID, Document_Name, Document_Type) VALUES (33, 'Resume', 'PDF');
INSERT INTO Document (Student_ID, Document_Name, Document_Type) VALUES (33, 'Transcript', 'PDF');
INSERT INTO Document (Student_ID, Document_Name, Document_Type) VALUES (34, 'Resume', 'PDF');
INSERT INTO Document (Student_ID, Document_Name, Document_Type) VALUES (34, 'Transcript', 'PDF');
INSERT INTO Document (Student_ID, Document_Name, Document_Type) VALUES (35, 'Resume', 'PDF');
INSERT INTO Document (Student_ID, Document_Name, Document_Type) VALUES (35, 'Transcript', 'PDF');
INSERT INTO Document (Student_ID, Document_Name, Document_Type) VALUES (36, 'Resume', 'PDF');
INSERT INTO Document (Student_ID, Document_Name, Document_Type) VALUES (36, 'Transcript', 'PDF');
INSERT INTO Document (Student_ID, Document_Name, Document_Type) VALUES (37, 'Resume', 'PDF');
INSERT INTO Document (Student_ID, Document_Name, Document_Type) VALUES (37, 'Transcript', 'PDF');
INSERT INTO Document (Student_ID, Document_Name, Document_Type) VALUES (38, 'Resume', 'PDF');
INSERT INTO Document (Student_ID, Document_Name, Document_Type) VALUES (38, 'Transcript', 'PDF');
INSERT INTO Document (Student_ID, Document_Name, Document_Type) VALUES (39, 'Resume', 'PDF');
INSERT INTO Document (Student_ID, Document_Name, Document_Type) VALUES (39, 'Transcript', 'PDF');
INSERT INTO Document (Student_ID, Document_Name, Document_Type) VALUES (40, 'Resume', 'PDF');
INSERT INTO Document (Student_ID, Document_Name, Document_Type) VALUES (40, 'Transcript', 'PDF');
INSERT INTO Document (Student_ID, Document_Name, Document_Type) VALUES (41, 'Resume', 'PDF');
INSERT INTO Document (Student_ID, Document_Name, Document_Type) VALUES (41, 'Transcript', 'PDF');
INSERT INTO Document (Student_ID, Document_Name, Document_Type) VALUES (42, 'Resume', 'PDF');
INSERT INTO Document (Student_ID, Document_Name, Document_Type) VALUES (42, 'Transcript', 'PDF');
INSERT INTO Document (Student_ID, Document_Name, Document_Type) VALUES (43, 'Resume', 'PDF');
INSERT INTO Document (Student_ID, Document_Name, Document_Type) VALUES (43, 'Transcript', 'PDF');
INSERT INTO Document (Student_ID, Document_Name, Document_Type) VALUES (44, 'Resume', 'PDF');
INSERT INTO Document (Student_ID, Document_Name, Document_Type) VALUES (44, 'Transcript', 'PDF');
INSERT INTO Document (Student_ID, Document_Name, Document_Type) VALUES (45, 'Resume', 'PDF');
INSERT INTO Document (Student_ID, Document_Name, Document_Type) VALUES (45, 'Transcript', 'PDF');
INSERT INTO Document (Student_ID, Document_Name, Document_Type) VALUES (46, 'Resume', 'PDF');
INSERT INTO Document (Student_ID, Document_Name, Document_Type) VALUES (46, 'Transcript', 'PDF');
INSERT INTO Document (Student_ID, Document_Name, Document_Type) VALUES (47, 'Resume', 'PDF');
INSERT INTO Document (Student_ID, Document_Name, Document_Type) VALUES (47, 'Transcript', 'PDF');
INSERT INTO Document (Student_ID, Document_Name, Document_Type) VALUES (48, 'Resume', 'PDF');
INSERT INTO Document (Student_ID, Document_Name, Document_Type) VALUES (48, 'Transcript', 'PDF');
INSERT INTO Document (Student_ID, Document_Name, Document_Type) VALUES (49, 'Resume', 'PDF');
INSERT INTO Document (Student_ID, Document_Name, Document_Type) VALUES (49, 'Transcript', 'PDF');
INSERT INTO Document (Student_ID, Document_Name, Document_Type) VALUES (50, 'Resume', 'PDF');
INSERT INTO Document (Student_ID, Document_Name, Document_Type) VALUES (50, 'Transcript', 'PDF');
INSERT INTO Document (Student_ID, Document_Name, Document_Type) VALUES (51, 'Resume', 'PDF');
INSERT INTO Document (Student_ID, Document_Name, Document_Type) VALUES (51, 'Transcript', 'PDF');
INSERT INTO Document (Student_ID, Document_Name, Document_Type) VALUES (52, 'Resume', 'PDF');
INSERT INTO Document (Student_ID, Document_Name, Document_Type) VALUES (52, 'Transcript', 'PDF');
INSERT INTO Document (Student_ID, Document_Name, Document_Type) VALUES (53, 'Resume', 'PDF');
INSERT INTO Document (Student_ID, Document_Name, Document_Type) VALUES (53, 'Transcript', 'PDF');
INSERT INTO Document (Student_ID, Document_Name, Document_Type) VALUES (54, 'Resume', 'PDF');
INSERT INTO Document (Student_ID, Document_Name, Document_Type) VALUES (54, 'Transcript', 'PDF');
INSERT INTO Document (Student_ID, Document_Name, Document_Type) VALUES (55, 'Resume', 'PDF');
INSERT INTO Document (Student_ID, Document_Name, Document_Type) VALUES (55, 'Transcript', 'PDF');
INSERT INTO Document (Student_ID, Document_Name, Document_Type) VALUES (56, 'Resume', 'PDF');
INSERT INTO Document (Student_ID, Document_Name, Document_Type) VALUES (56, 'Transcript', 'PDF');
INSERT INTO Document (Student_ID, Document_Name, Document_Type) VALUES (57, 'Resume', 'PDF');
INSERT INTO Document (Student_ID, Document_Name, Document_Type) VALUES (57, 'Transcript', 'PDF');
INSERT INTO Document (Student_ID, Document_Name, Document_Type) VALUES (58, 'Resume', 'PDF');
INSERT INTO Document (Student_ID, Document_Name, Document_Type) VALUES (58, 'Transcript', 'PDF');
INSERT INTO Document (Student_ID, Document_Name, Document_Type) VALUES (59, 'Resume', 'PDF');
INSERT INTO Document (Student_ID, Document_Name, Document_Type) VALUES (59, 'Transcript', 'PDF');
INSERT INTO Document (Student_ID, Document_Name, Document_Type) VALUES (60, 'Resume', 'PDF');
INSERT INTO Document (Student_ID, Document_Name, Document_Type) VALUES (60, 'Transcript', 'PDF');

-- Company
INSERT INTO Company (Company_ID, Company_Name, Industry_Type, Description, Company_Email) VALUES (301, 'Google', 'Technology', 'Technology company recruiting for campus placements', 'careers@google.com');
INSERT INTO Company (Company_ID, Company_Name, Industry_Type, Description, Company_Email) VALUES (302, 'Microsoft', 'Technology', 'Technology company recruiting for campus placements', 'careers@microsoft.com');
INSERT INTO Company (Company_ID, Company_Name, Industry_Type, Description, Company_Email) VALUES (303, 'Amazon', 'E-Commerce', 'E-Commerce company recruiting for campus placements', 'careers@amazon.com');
INSERT INTO Company (Company_ID, Company_Name, Industry_Type, Description, Company_Email) VALUES (304, 'Adobe', 'Software', 'Software company recruiting for campus placements', 'careers@adobe.com');
INSERT INTO Company (Company_ID, Company_Name, Industry_Type, Description, Company_Email) VALUES (305, 'Oracle', 'Software', 'Software company recruiting for campus placements', 'careers@oracle.com');
INSERT INTO Company (Company_ID, Company_Name, Industry_Type, Description, Company_Email) VALUES (306, 'Goldman Sachs', 'Finance', 'Finance company recruiting for campus placements', 'careers@gs.com');
INSERT INTO Company (Company_ID, Company_Name, Industry_Type, Description, Company_Email) VALUES (307, 'JPMorgan Chase', 'Finance', 'Finance company recruiting for campus placements', 'careers@jpmorgan.com');
INSERT INTO Company (Company_ID, Company_Name, Industry_Type, Description, Company_Email) VALUES (308, 'TCS', 'IT Services', 'IT Services company recruiting for campus placements', 'careers@tcs.com');
INSERT INTO Company (Company_ID, Company_Name, Industry_Type, Description, Company_Email) VALUES (309, 'Infosys', 'IT Services', 'IT Services company recruiting for campus placements', 'careers@infosys.com');
INSERT INTO Company (Company_ID, Company_Name, Industry_Type, Description, Company_Email) VALUES (310, 'Accenture', 'Consulting', 'Consulting company recruiting for campus placements', 'careers@accenture.com');
INSERT INTO Company (Company_ID, Company_Name, Industry_Type, Description, Company_Email) VALUES (311, 'NVIDIA', 'Semiconductors', 'Semiconductors company recruiting for campus placements', 'careers@nvidia.com');
INSERT INTO Company (Company_ID, Company_Name, Industry_Type, Description, Company_Email) VALUES (312, 'Qualcomm', 'Semiconductors', 'Semiconductors company recruiting for campus placements', 'careers@qualcomm.com');
INSERT INTO Company (Company_ID, Company_Name, Industry_Type, Description, Company_Email) VALUES (313, 'Samsung R&D', 'Electronics', 'Electronics company recruiting for campus placements', 'careers@samsung.com');
INSERT INTO Company (Company_ID, Company_Name, Industry_Type, Description, Company_Email) VALUES (314, 'Deloitte', 'Consulting', 'Consulting company recruiting for campus placements', 'careers@deloitte.com');
INSERT INTO Company (Company_ID, Company_Name, Industry_Type, Description, Company_Email) VALUES (315, 'Flipkart', 'E-Commerce', 'E-Commerce company recruiting for campus placements', 'careers@flipkart.com');
INSERT INTO Company (Company_ID, Company_Name, Industry_Type, Description, Company_Email) VALUES (316, 'Atlassian', 'Software', 'Software company recruiting for campus placements', 'careers@atlassian.com');
INSERT INTO Company (Company_ID, Company_Name, Industry_Type, Description, Company_Email) VALUES (317, 'Morgan Stanley', 'Finance', 'Finance company recruiting for campus placements', 'careers@morganstanley.com');
INSERT INTO Company (Company_ID, Company_Name, Industry_Type, Description, Company_Email) VALUES (318, 'Sprinklr', 'Software', 'Software company recruiting for campus placements', 'careers@sprinklr.com');
INSERT INTO Company (Company_ID, Company_Name, Industry_Type, Description, Company_Email) VALUES (319, 'PhonePe', 'FinTech', 'FinTech company recruiting for campus placements', 'careers@phonepe.com');
INSERT INTO Company (Company_ID, Company_Name, Industry_Type, Description, Company_Email) VALUES (320, 'Razorpay', 'FinTech', 'FinTech company recruiting for campus placements', 'careers@razorpay.com');

-- Placement_Drive
INSERT INTO Placement_Drive (Drive_ID, Company_ID, Date, Time, Venue) VALUES (401, 301, '2026-08-10', '09:00:00', 'DA-IICT Auditorium');
INSERT INTO Placement_Drive (Drive_ID, Company_ID, Date, Time, Venue) VALUES (402, 302, '2026-08-13', '10:30:00', 'Seminar Hall A');
INSERT INTO Placement_Drive (Drive_ID, Company_ID, Date, Time, Venue) VALUES (403, 303, '2026-08-16', '11:00:00', 'Seminar Hall B');
INSERT INTO Placement_Drive (Drive_ID, Company_ID, Date, Time, Venue) VALUES (404, 304, '2026-08-19', '12:30:00', 'Placement Cell');
INSERT INTO Placement_Drive (Drive_ID, Company_ID, Date, Time, Venue) VALUES (405, 305, '2026-08-22', '13:00:00', 'LT-1');
INSERT INTO Placement_Drive (Drive_ID, Company_ID, Date, Time, Venue) VALUES (406, 306, '2026-08-25', '09:30:00', 'LT-2');
INSERT INTO Placement_Drive (Drive_ID, Company_ID, Date, Time, Venue) VALUES (407, 307, '2026-08-28', '10:00:00', 'Conference Room');
INSERT INTO Placement_Drive (Drive_ID, Company_ID, Date, Time, Venue) VALUES (408, 308, '2026-08-31', '11:30:00', 'Innovation Lab');
INSERT INTO Placement_Drive (Drive_ID, Company_ID, Date, Time, Venue) VALUES (409, 309, '2026-09-03', '12:00:00', 'DA-IICT Auditorium');
INSERT INTO Placement_Drive (Drive_ID, Company_ID, Date, Time, Venue) VALUES (410, 310, '2026-09-06', '13:30:00', 'Seminar Hall A');
INSERT INTO Placement_Drive (Drive_ID, Company_ID, Date, Time, Venue) VALUES (411, 311, '2026-09-09', '09:00:00', 'Seminar Hall B');
INSERT INTO Placement_Drive (Drive_ID, Company_ID, Date, Time, Venue) VALUES (412, 312, '2026-09-12', '10:30:00', 'Placement Cell');
INSERT INTO Placement_Drive (Drive_ID, Company_ID, Date, Time, Venue) VALUES (413, 313, '2026-09-15', '11:00:00', 'LT-1');
INSERT INTO Placement_Drive (Drive_ID, Company_ID, Date, Time, Venue) VALUES (414, 314, '2026-09-18', '12:30:00', 'LT-2');
INSERT INTO Placement_Drive (Drive_ID, Company_ID, Date, Time, Venue) VALUES (415, 315, '2026-09-21', '13:00:00', 'Conference Room');
INSERT INTO Placement_Drive (Drive_ID, Company_ID, Date, Time, Venue) VALUES (416, 316, '2026-09-24', '09:30:00', 'Innovation Lab');
INSERT INTO Placement_Drive (Drive_ID, Company_ID, Date, Time, Venue) VALUES (417, 317, '2026-09-27', '10:00:00', 'DA-IICT Auditorium');
INSERT INTO Placement_Drive (Drive_ID, Company_ID, Date, Time, Venue) VALUES (418, 318, '2026-09-30', '11:30:00', 'Seminar Hall A');
INSERT INTO Placement_Drive (Drive_ID, Company_ID, Date, Time, Venue) VALUES (419, 319, '2026-10-03', '12:00:00', 'Seminar Hall B');
INSERT INTO Placement_Drive (Drive_ID, Company_ID, Date, Time, Venue) VALUES (420, 320, '2026-10-06', '13:30:00', 'Placement Cell');
INSERT INTO Placement_Drive (Drive_ID, Company_ID, Date, Time, Venue) VALUES (421, 301, '2026-10-09', '09:00:00', 'LT-1');
INSERT INTO Placement_Drive (Drive_ID, Company_ID, Date, Time, Venue) VALUES (422, 302, '2026-10-12', '10:30:00', 'LT-2');
INSERT INTO Placement_Drive (Drive_ID, Company_ID, Date, Time, Venue) VALUES (423, 303, '2026-10-15', '11:00:00', 'Conference Room');
INSERT INTO Placement_Drive (Drive_ID, Company_ID, Date, Time, Venue) VALUES (424, 304, '2026-10-18', '12:30:00', 'Innovation Lab');
INSERT INTO Placement_Drive (Drive_ID, Company_ID, Date, Time, Venue) VALUES (425, 305, '2026-10-21', '13:00:00', 'DA-IICT Auditorium');

-- Job Eligibility
INSERT INTO Job_Eligibility (Eligibility_ID, Min_CPI, Back_Allowed) VALUES (501, 6.00, TRUE);
INSERT INTO Job_Eligibility (Eligibility_ID, Min_CPI, Back_Allowed) VALUES (502, 6.50, FALSE);
INSERT INTO Job_Eligibility (Eligibility_ID, Min_CPI, Back_Allowed) VALUES (503, 7.00, FALSE);
INSERT INTO Job_Eligibility (Eligibility_ID, Min_CPI, Back_Allowed) VALUES (504, 7.50, TRUE);
INSERT INTO Job_Eligibility (Eligibility_ID, Min_CPI, Back_Allowed) VALUES (505, 8.00, FALSE);
INSERT INTO Job_Eligibility (Eligibility_ID, Min_CPI, Back_Allowed) VALUES (506, 8.50, FALSE);
INSERT INTO Job_Eligibility (Eligibility_ID, Min_CPI, Back_Allowed) VALUES (507, 6.00, TRUE);
INSERT INTO Job_Eligibility (Eligibility_ID, Min_CPI, Back_Allowed) VALUES (508, 6.50, FALSE);
INSERT INTO Job_Eligibility (Eligibility_ID, Min_CPI, Back_Allowed) VALUES (509, 7.00, FALSE);
INSERT INTO Job_Eligibility (Eligibility_ID, Min_CPI, Back_Allowed) VALUES (510, 7.50, TRUE);
INSERT INTO Job_Eligibility (Eligibility_ID, Min_CPI, Back_Allowed) VALUES (511, 8.00, FALSE);
INSERT INTO Job_Eligibility (Eligibility_ID, Min_CPI, Back_Allowed) VALUES (512, 8.50, FALSE);
INSERT INTO Job_Eligibility (Eligibility_ID, Min_CPI, Back_Allowed) VALUES (513, 6.00, TRUE);
INSERT INTO Job_Eligibility (Eligibility_ID, Min_CPI, Back_Allowed) VALUES (514, 6.50, FALSE);
INSERT INTO Job_Eligibility (Eligibility_ID, Min_CPI, Back_Allowed) VALUES (515, 7.00, FALSE);

-- Programme_Allowed
INSERT INTO Programme_Allowed (Eligibility_ID, Programme_ID) VALUES (501, 101);
INSERT INTO Programme_Allowed (Eligibility_ID, Programme_ID) VALUES (501, 102);
INSERT INTO Programme_Allowed (Eligibility_ID, Programme_ID) VALUES (502, 101);
INSERT INTO Programme_Allowed (Eligibility_ID, Programme_ID) VALUES (503, 101);
INSERT INTO Programme_Allowed (Eligibility_ID, Programme_ID) VALUES (504, 101);
INSERT INTO Programme_Allowed (Eligibility_ID, Programme_ID) VALUES (504, 102);
INSERT INTO Programme_Allowed (Eligibility_ID, Programme_ID) VALUES (505, 102);
INSERT INTO Programme_Allowed (Eligibility_ID, Programme_ID) VALUES (506, 101);
INSERT INTO Programme_Allowed (Eligibility_ID, Programme_ID) VALUES (507, 101);
INSERT INTO Programme_Allowed (Eligibility_ID, Programme_ID) VALUES (507, 103);
INSERT INTO Programme_Allowed (Eligibility_ID, Programme_ID) VALUES (508, 101);
INSERT INTO Programme_Allowed (Eligibility_ID, Programme_ID) VALUES (509, 101);
INSERT INTO Programme_Allowed (Eligibility_ID, Programme_ID) VALUES (509, 104);
INSERT INTO Programme_Allowed (Eligibility_ID, Programme_ID) VALUES (510, 101);
INSERT INTO Programme_Allowed (Eligibility_ID, Programme_ID) VALUES (510, 102);
INSERT INTO Programme_Allowed (Eligibility_ID, Programme_ID) VALUES (511, 101);
INSERT INTO Programme_Allowed (Eligibility_ID, Programme_ID) VALUES (512, 101);
INSERT INTO Programme_Allowed (Eligibility_ID, Programme_ID) VALUES (513, 101);
INSERT INTO Programme_Allowed (Eligibility_ID, Programme_ID) VALUES (513, 103);
INSERT INTO Programme_Allowed (Eligibility_ID, Programme_ID) VALUES (514, 102);
INSERT INTO Programme_Allowed (Eligibility_ID, Programme_ID) VALUES (514, 104);
INSERT INTO Programme_Allowed (Eligibility_ID, Programme_ID) VALUES (515, 101);

-- Branch_Allowed
INSERT INTO Branch_Allowed (Eligibility_ID, Branch_ID) VALUES (501, 201);
INSERT INTO Branch_Allowed (Eligibility_ID, Branch_ID) VALUES (501, 202);
INSERT INTO Branch_Allowed (Eligibility_ID, Branch_ID) VALUES (501, 203);
INSERT INTO Branch_Allowed (Eligibility_ID, Branch_ID) VALUES (501, 204);
INSERT INTO Branch_Allowed (Eligibility_ID, Branch_ID) VALUES (502, 202);
INSERT INTO Branch_Allowed (Eligibility_ID, Branch_ID) VALUES (502, 203);
INSERT INTO Branch_Allowed (Eligibility_ID, Branch_ID) VALUES (503, 201);
INSERT INTO Branch_Allowed (Eligibility_ID, Branch_ID) VALUES (503, 202);
INSERT INTO Branch_Allowed (Eligibility_ID, Branch_ID) VALUES (503, 203);
INSERT INTO Branch_Allowed (Eligibility_ID, Branch_ID) VALUES (503, 208);
INSERT INTO Branch_Allowed (Eligibility_ID, Branch_ID) VALUES (504, 202);
INSERT INTO Branch_Allowed (Eligibility_ID, Branch_ID) VALUES (504, 203);
INSERT INTO Branch_Allowed (Eligibility_ID, Branch_ID) VALUES (504, 204);
INSERT INTO Branch_Allowed (Eligibility_ID, Branch_ID) VALUES (505, 208);
INSERT INTO Branch_Allowed (Eligibility_ID, Branch_ID) VALUES (506, 201);
INSERT INTO Branch_Allowed (Eligibility_ID, Branch_ID) VALUES (506, 202);
INSERT INTO Branch_Allowed (Eligibility_ID, Branch_ID) VALUES (507, 205);
INSERT INTO Branch_Allowed (Eligibility_ID, Branch_ID) VALUES (507, 206);
INSERT INTO Branch_Allowed (Eligibility_ID, Branch_ID) VALUES (507, 207);
INSERT INTO Branch_Allowed (Eligibility_ID, Branch_ID) VALUES (508, 201);
INSERT INTO Branch_Allowed (Eligibility_ID, Branch_ID) VALUES (508, 202);
INSERT INTO Branch_Allowed (Eligibility_ID, Branch_ID) VALUES (508, 203);
INSERT INTO Branch_Allowed (Eligibility_ID, Branch_ID) VALUES (509, 202);
INSERT INTO Branch_Allowed (Eligibility_ID, Branch_ID) VALUES (509, 208);
INSERT INTO Branch_Allowed (Eligibility_ID, Branch_ID) VALUES (510, 201);
INSERT INTO Branch_Allowed (Eligibility_ID, Branch_ID) VALUES (510, 202);
INSERT INTO Branch_Allowed (Eligibility_ID, Branch_ID) VALUES (510, 203);
INSERT INTO Branch_Allowed (Eligibility_ID, Branch_ID) VALUES (510, 204);
INSERT INTO Branch_Allowed (Eligibility_ID, Branch_ID) VALUES (510, 208);
INSERT INTO Branch_Allowed (Eligibility_ID, Branch_ID) VALUES (511, 203);
INSERT INTO Branch_Allowed (Eligibility_ID, Branch_ID) VALUES (511, 204);
INSERT INTO Branch_Allowed (Eligibility_ID, Branch_ID) VALUES (512, 201);
INSERT INTO Branch_Allowed (Eligibility_ID, Branch_ID) VALUES (512, 205);
INSERT INTO Branch_Allowed (Eligibility_ID, Branch_ID) VALUES (513, 206);
INSERT INTO Branch_Allowed (Eligibility_ID, Branch_ID) VALUES (513, 207);
INSERT INTO Branch_Allowed (Eligibility_ID, Branch_ID) VALUES (514, 208);
INSERT INTO Branch_Allowed (Eligibility_ID, Branch_ID) VALUES (515, 201);
INSERT INTO Branch_Allowed (Eligibility_ID, Branch_ID) VALUES (515, 202);
INSERT INTO Branch_Allowed (Eligibility_ID, Branch_ID) VALUES (515, 203);
INSERT INTO Branch_Allowed (Eligibility_ID, Branch_ID) VALUES (515, 204);
INSERT INTO Branch_Allowed (Eligibility_ID, Branch_ID) VALUES (515, 205);
INSERT INTO Branch_Allowed (Eligibility_ID, Branch_ID) VALUES (515, 206);
INSERT INTO Branch_Allowed (Eligibility_ID, Branch_ID) VALUES (515, 207);
INSERT INTO Branch_Allowed (Eligibility_ID, Branch_ID) VALUES (515, 208);

-- Status
INSERT INTO Status (Status_ID, Status) VALUES (601, 'Applied');
INSERT INTO Status (Status_ID, Status) VALUES (602, 'Shortlisted');
INSERT INTO Status (Status_ID, Status) VALUES (603, 'Interview Scheduled');
INSERT INTO Status (Status_ID, Status) VALUES (604, 'Selected');
INSERT INTO Status (Status_ID, Status) VALUES (605, 'Rejected');

-- Job_Posting
INSERT INTO Job_Posting (Job_ID, Company_ID, Eligibility_ID, Job_Title, Job_Description, Package, Application_Deadline) VALUES (701, 301, 501, 'Software Engineer', 'Software Engineer role for campus recruitment.', 6.50, '2026-07-15');
INSERT INTO Job_Posting (Job_ID, Company_ID, Eligibility_ID, Job_Title, Job_Description, Package, Application_Deadline) VALUES (702, 302, 502, 'Software Developer', 'Software Developer role for campus recruitment.', 8.50, '2026-07-19');
INSERT INTO Job_Posting (Job_ID, Company_ID, Eligibility_ID, Job_Title, Job_Description, Package, Application_Deadline) VALUES (703, 303, 503, 'Backend Developer', 'Backend Developer role for campus recruitment.', 10.50, '2026-07-23');
INSERT INTO Job_Posting (Job_ID, Company_ID, Eligibility_ID, Job_Title, Job_Description, Package, Application_Deadline) VALUES (704, 304, 504, 'Frontend Developer', 'Frontend Developer role for campus recruitment.', 12.50, '2026-07-27');
INSERT INTO Job_Posting (Job_ID, Company_ID, Eligibility_ID, Job_Title, Job_Description, Package, Application_Deadline) VALUES (705, 305, 505, 'Full Stack Developer', 'Full Stack Developer role for campus recruitment.', 14.50, '2026-07-31');
INSERT INTO Job_Posting (Job_ID, Company_ID, Eligibility_ID, Job_Title, Job_Description, Package, Application_Deadline) VALUES (706, 306, 506, 'Data Analyst', 'Data Analyst role for campus recruitment.', 16.50, '2026-08-04');
INSERT INTO Job_Posting (Job_ID, Company_ID, Eligibility_ID, Job_Title, Job_Description, Package, Application_Deadline) VALUES (707, 307, 507, 'Data Scientist', 'Data Scientist role for campus recruitment.', 18.50, '2026-08-08');
INSERT INTO Job_Posting (Job_ID, Company_ID, Eligibility_ID, Job_Title, Job_Description, Package, Application_Deadline) VALUES (708, 308, 508, 'Machine Learning Engineer', 'Machine Learning Engineer role for campus recruitment.', 20.50, '2026-08-12');
INSERT INTO Job_Posting (Job_ID, Company_ID, Eligibility_ID, Job_Title, Job_Description, Package, Application_Deadline) VALUES (709, 309, 509, 'QA Engineer', 'QA Engineer role for campus recruitment.', 22.50, '2026-08-16');
INSERT INTO Job_Posting (Job_ID, Company_ID, Eligibility_ID, Job_Title, Job_Description, Package, Application_Deadline) VALUES (710, 310, 510, 'DevOps Engineer', 'DevOps Engineer role for campus recruitment.', 24.50, '2026-08-20');
INSERT INTO Job_Posting (Job_ID, Company_ID, Eligibility_ID, Job_Title, Job_Description, Package, Application_Deadline) VALUES (711, 311, 511, 'Software Engineer', 'Software Engineer role for campus recruitment.', 26.50, '2026-08-24');
INSERT INTO Job_Posting (Job_ID, Company_ID, Eligibility_ID, Job_Title, Job_Description, Package, Application_Deadline) VALUES (712, 312, 512, 'Software Developer', 'Software Developer role for campus recruitment.', 28.50, '2026-08-28');
INSERT INTO Job_Posting (Job_ID, Company_ID, Eligibility_ID, Job_Title, Job_Description, Package, Application_Deadline) VALUES (713, 313, 513, 'Backend Developer', 'Backend Developer role for campus recruitment.', 6.50, '2026-09-01');
INSERT INTO Job_Posting (Job_ID, Company_ID, Eligibility_ID, Job_Title, Job_Description, Package, Application_Deadline) VALUES (714, 314, 514, 'Frontend Developer', 'Frontend Developer role for campus recruitment.', 8.50, '2026-09-05');
INSERT INTO Job_Posting (Job_ID, Company_ID, Eligibility_ID, Job_Title, Job_Description, Package, Application_Deadline) VALUES (715, 315, 515, 'Full Stack Developer', 'Full Stack Developer role for campus recruitment.', 10.50, '2026-09-09');
INSERT INTO Job_Posting (Job_ID, Company_ID, Eligibility_ID, Job_Title, Job_Description, Package, Application_Deadline) VALUES (716, 316, 501, 'Data Analyst', 'Data Analyst role for campus recruitment.', 12.50, '2026-09-13');
INSERT INTO Job_Posting (Job_ID, Company_ID, Eligibility_ID, Job_Title, Job_Description, Package, Application_Deadline) VALUES (717, 317, 502, 'Data Scientist', 'Data Scientist role for campus recruitment.', 14.50, '2026-09-17');
INSERT INTO Job_Posting (Job_ID, Company_ID, Eligibility_ID, Job_Title, Job_Description, Package, Application_Deadline) VALUES (718, 318, 503, 'Machine Learning Engineer', 'Machine Learning Engineer role for campus recruitment.', 16.50, '2026-09-21');
INSERT INTO Job_Posting (Job_ID, Company_ID, Eligibility_ID, Job_Title, Job_Description, Package, Application_Deadline) VALUES (719, 319, 504, 'QA Engineer', 'QA Engineer role for campus recruitment.', 18.50, '2026-09-25');
INSERT INTO Job_Posting (Job_ID, Company_ID, Eligibility_ID, Job_Title, Job_Description, Package, Application_Deadline) VALUES (720, 320, 505, 'DevOps Engineer', 'DevOps Engineer role for campus recruitment.', 20.50, '2026-09-29');
INSERT INTO Job_Posting (Job_ID, Company_ID, Eligibility_ID, Job_Title, Job_Description, Package, Application_Deadline) VALUES (721, 301, 506, 'Software Engineer', 'Software Engineer role for campus recruitment.', 22.50, '2026-10-03');
INSERT INTO Job_Posting (Job_ID, Company_ID, Eligibility_ID, Job_Title, Job_Description, Package, Application_Deadline) VALUES (722, 302, 507, 'Software Developer', 'Software Developer role for campus recruitment.', 24.50, '2026-10-07');
INSERT INTO Job_Posting (Job_ID, Company_ID, Eligibility_ID, Job_Title, Job_Description, Package, Application_Deadline) VALUES (723, 303, 508, 'Backend Developer', 'Backend Developer role for campus recruitment.', 26.50, '2026-10-11');
INSERT INTO Job_Posting (Job_ID, Company_ID, Eligibility_ID, Job_Title, Job_Description, Package, Application_Deadline) VALUES (724, 304, 509, 'Frontend Developer', 'Frontend Developer role for campus recruitment.', 28.50, '2026-10-15');
INSERT INTO Job_Posting (Job_ID, Company_ID, Eligibility_ID, Job_Title, Job_Description, Package, Application_Deadline) VALUES (725, 305, 510, 'Full Stack Developer', 'Full Stack Developer role for campus recruitment.', 6.50, '2026-10-19');
INSERT INTO Job_Posting (Job_ID, Company_ID, Eligibility_ID, Job_Title, Job_Description, Package, Application_Deadline) VALUES (726, 306, 511, 'Data Analyst', 'Data Analyst role for campus recruitment.', 8.50, '2026-10-23');
INSERT INTO Job_Posting (Job_ID, Company_ID, Eligibility_ID, Job_Title, Job_Description, Package, Application_Deadline) VALUES (727, 307, 512, 'Data Scientist', 'Data Scientist role for campus recruitment.', 10.50, '2026-10-27');
INSERT INTO Job_Posting (Job_ID, Company_ID, Eligibility_ID, Job_Title, Job_Description, Package, Application_Deadline) VALUES (728, 308, 513, 'Machine Learning Engineer', 'Machine Learning Engineer role for campus recruitment.', 12.50, '2026-10-31');
INSERT INTO Job_Posting (Job_ID, Company_ID, Eligibility_ID, Job_Title, Job_Description, Package, Application_Deadline) VALUES (729, 309, 514, 'QA Engineer', 'QA Engineer role for campus recruitment.', 14.50, '2026-11-04');
INSERT INTO Job_Posting (Job_ID, Company_ID, Eligibility_ID, Job_Title, Job_Description, Package, Application_Deadline) VALUES (730, 310, 515, 'DevOps Engineer', 'DevOps Engineer role for campus recruitment.', 16.50, '2026-11-08');
INSERT INTO Job_Posting (Job_ID, Company_ID, Eligibility_ID, Job_Title, Job_Description, Package, Application_Deadline) VALUES (731, 311, 501, 'Software Engineer', 'Software Engineer role for campus recruitment.', 18.50, '2026-11-12');
INSERT INTO Job_Posting (Job_ID, Company_ID, Eligibility_ID, Job_Title, Job_Description, Package, Application_Deadline) VALUES (732, 312, 502, 'Software Developer', 'Software Developer role for campus recruitment.', 20.50, '2026-11-16');
INSERT INTO Job_Posting (Job_ID, Company_ID, Eligibility_ID, Job_Title, Job_Description, Package, Application_Deadline) VALUES (733, 313, 503, 'Backend Developer', 'Backend Developer role for campus recruitment.', 22.50, '2026-11-20');
INSERT INTO Job_Posting (Job_ID, Company_ID, Eligibility_ID, Job_Title, Job_Description, Package, Application_Deadline) VALUES (734, 314, 504, 'Frontend Developer', 'Frontend Developer role for campus recruitment.', 24.50, '2026-11-24');
INSERT INTO Job_Posting (Job_ID, Company_ID, Eligibility_ID, Job_Title, Job_Description, Package, Application_Deadline) VALUES (735, 315, 505, 'Full Stack Developer', 'Full Stack Developer role for campus recruitment.', 26.50, '2026-11-28');
INSERT INTO Job_Posting (Job_ID, Company_ID, Eligibility_ID, Job_Title, Job_Description, Package, Application_Deadline) VALUES (736, 316, 506, 'Data Analyst', 'Data Analyst role for campus recruitment.', 28.50, '2026-12-02');
INSERT INTO Job_Posting (Job_ID, Company_ID, Eligibility_ID, Job_Title, Job_Description, Package, Application_Deadline) VALUES (737, 317, 507, 'Data Scientist', 'Data Scientist role for campus recruitment.', 6.50, '2026-12-06');
INSERT INTO Job_Posting (Job_ID, Company_ID, Eligibility_ID, Job_Title, Job_Description, Package, Application_Deadline) VALUES (738, 318, 508, 'Machine Learning Engineer', 'Machine Learning Engineer role for campus recruitment.', 8.50, '2026-12-10');
INSERT INTO Job_Posting (Job_ID, Company_ID, Eligibility_ID, Job_Title, Job_Description, Package, Application_Deadline) VALUES (739, 319, 509, 'QA Engineer', 'QA Engineer role for campus recruitment.', 10.50, '2026-12-14');
INSERT INTO Job_Posting (Job_ID, Company_ID, Eligibility_ID, Job_Title, Job_Description, Package, Application_Deadline) VALUES (740, 320, 510, 'DevOps Engineer', 'DevOps Engineer role for campus recruitment.', 12.50, '2026-12-18');

-- Alumni
INSERT INTO Alumni (Alumni_ID, Graduate_Year, Current_Status) VALUES (61, 2022, 'Software Engineer');
INSERT INTO Alumni (Alumni_ID, Graduate_Year, Current_Status) VALUES (62, 2023, 'SDE-II');
INSERT INTO Alumni (Alumni_ID, Graduate_Year, Current_Status) VALUES (63, 2024, 'Data Analyst');
INSERT INTO Alumni (Alumni_ID, Graduate_Year, Current_Status) VALUES (64, 2025, 'MS Student');
INSERT INTO Alumni (Alumni_ID, Graduate_Year, Current_Status) VALUES (65, 2022, 'Backend Engineer');
INSERT INTO Alumni (Alumni_ID, Graduate_Year, Current_Status) VALUES (66, 2023, 'Software Engineer');
INSERT INTO Alumni (Alumni_ID, Graduate_Year, Current_Status) VALUES (67, 2024, 'SDE-II');
INSERT INTO Alumni (Alumni_ID, Graduate_Year, Current_Status) VALUES (68, 2025, 'Data Analyst');
INSERT INTO Alumni (Alumni_ID, Graduate_Year, Current_Status) VALUES (69, 2022, 'MS Student');
INSERT INTO Alumni (Alumni_ID, Graduate_Year, Current_Status) VALUES (70, 2023, 'Backend Engineer');
INSERT INTO Alumni (Alumni_ID, Graduate_Year, Current_Status) VALUES (71, 2024, 'Software Engineer');
INSERT INTO Alumni (Alumni_ID, Graduate_Year, Current_Status) VALUES (72, 2025, 'SDE-II');
INSERT INTO Alumni (Alumni_ID, Graduate_Year, Current_Status) VALUES (73, 2022, 'Data Analyst');
INSERT INTO Alumni (Alumni_ID, Graduate_Year, Current_Status) VALUES (74, 2023, 'MS Student');
INSERT INTO Alumni (Alumni_ID, Graduate_Year, Current_Status) VALUES (75, 2024, 'Backend Engineer');
INSERT INTO Alumni (Alumni_ID, Graduate_Year, Current_Status) VALUES (76, 2025, 'Software Engineer');
INSERT INTO Alumni (Alumni_ID, Graduate_Year, Current_Status) VALUES (77, 2022, 'SDE-II');
INSERT INTO Alumni (Alumni_ID, Graduate_Year, Current_Status) VALUES (78, 2023, 'Data Analyst');
INSERT INTO Alumni (Alumni_ID, Graduate_Year, Current_Status) VALUES (79, 2024, 'MS Student');
INSERT INTO Alumni (Alumni_ID, Graduate_Year, Current_Status) VALUES (80, 2025, 'Backend Engineer');

-- Application
INSERT INTO Application (App_ID, Student_ID, Job_ID, Status_ID, Date_Applied, Last_Updated) VALUES (801, 1, 704, 602, '2026-07-21', '2026-07-23');
INSERT INTO Application (App_ID, Student_ID, Job_ID, Status_ID, Date_Applied, Last_Updated) VALUES (802, 1, 705, 603, '2026-07-22', '2026-07-25');
INSERT INTO Application (App_ID, Student_ID, Job_ID, Status_ID, Date_Applied, Last_Updated) VALUES (803, 1, 706, 604, '2026-07-23', '2026-07-27');
INSERT INTO Application (App_ID, Student_ID, Job_ID, Status_ID, Date_Applied, Last_Updated) VALUES (804, 2, 707, 603, '2026-07-22', '2026-07-25');
INSERT INTO Application (App_ID, Student_ID, Job_ID, Status_ID, Date_Applied, Last_Updated) VALUES (805, 2, 708, 604, '2026-07-23', '2026-07-27');
INSERT INTO Application (App_ID, Student_ID, Job_ID, Status_ID, Date_Applied, Last_Updated) VALUES (806, 2, 709, 605, '2026-07-24', '2026-07-29');
INSERT INTO Application (App_ID, Student_ID, Job_ID, Status_ID, Date_Applied, Last_Updated) VALUES (807, 3, 710, 604, '2026-07-23', '2026-07-27');
INSERT INTO Application (App_ID, Student_ID, Job_ID, Status_ID, Date_Applied, Last_Updated) VALUES (808, 3, 711, 605, '2026-07-24', '2026-07-29');
INSERT INTO Application (App_ID, Student_ID, Job_ID, Status_ID, Date_Applied, Last_Updated) VALUES (809, 3, 712, 601, '2026-07-25', '2026-07-31');
INSERT INTO Application (App_ID, Student_ID, Job_ID, Status_ID, Date_Applied, Last_Updated) VALUES (810, 4, 713, 605, '2026-07-24', '2026-07-29');
INSERT INTO Application (App_ID, Student_ID, Job_ID, Status_ID, Date_Applied, Last_Updated) VALUES (811, 4, 714, 601, '2026-07-25', '2026-07-31');
INSERT INTO Application (App_ID, Student_ID, Job_ID, Status_ID, Date_Applied, Last_Updated) VALUES (812, 4, 715, 602, '2026-07-26', '2026-08-02');
INSERT INTO Application (App_ID, Student_ID, Job_ID, Status_ID, Date_Applied, Last_Updated) VALUES (813, 5, 716, 601, '2026-07-25', '2026-07-31');
INSERT INTO Application (App_ID, Student_ID, Job_ID, Status_ID, Date_Applied, Last_Updated) VALUES (814, 5, 717, 602, '2026-07-26', '2026-08-02');
INSERT INTO Application (App_ID, Student_ID, Job_ID, Status_ID, Date_Applied, Last_Updated) VALUES (815, 5, 718, 603, '2026-07-27', '2026-07-28');
INSERT INTO Application (App_ID, Student_ID, Job_ID, Status_ID, Date_Applied, Last_Updated) VALUES (816, 6, 719, 602, '2026-07-26', '2026-08-02');
INSERT INTO Application (App_ID, Student_ID, Job_ID, Status_ID, Date_Applied, Last_Updated) VALUES (817, 6, 720, 603, '2026-07-27', '2026-07-28');
INSERT INTO Application (App_ID, Student_ID, Job_ID, Status_ID, Date_Applied, Last_Updated) VALUES (818, 6, 721, 604, '2026-07-28', '2026-07-30');
INSERT INTO Application (App_ID, Student_ID, Job_ID, Status_ID, Date_Applied, Last_Updated) VALUES (819, 7, 722, 603, '2026-07-27', '2026-07-28');
INSERT INTO Application (App_ID, Student_ID, Job_ID, Status_ID, Date_Applied, Last_Updated) VALUES (820, 7, 723, 604, '2026-07-28', '2026-07-30');
INSERT INTO Application (App_ID, Student_ID, Job_ID, Status_ID, Date_Applied, Last_Updated) VALUES (821, 7, 724, 605, '2026-07-29', '2026-08-01');
INSERT INTO Application (App_ID, Student_ID, Job_ID, Status_ID, Date_Applied, Last_Updated) VALUES (822, 8, 725, 604, '2026-07-28', '2026-07-30');
INSERT INTO Application (App_ID, Student_ID, Job_ID, Status_ID, Date_Applied, Last_Updated) VALUES (823, 8, 726, 605, '2026-07-29', '2026-08-01');
INSERT INTO Application (App_ID, Student_ID, Job_ID, Status_ID, Date_Applied, Last_Updated) VALUES (824, 8, 727, 601, '2026-07-30', '2026-08-03');
INSERT INTO Application (App_ID, Student_ID, Job_ID, Status_ID, Date_Applied, Last_Updated) VALUES (825, 9, 728, 605, '2026-07-29', '2026-08-01');
INSERT INTO Application (App_ID, Student_ID, Job_ID, Status_ID, Date_Applied, Last_Updated) VALUES (826, 9, 729, 601, '2026-07-30', '2026-08-03');
INSERT INTO Application (App_ID, Student_ID, Job_ID, Status_ID, Date_Applied, Last_Updated) VALUES (827, 9, 730, 602, '2026-07-31', '2026-08-05');
INSERT INTO Application (App_ID, Student_ID, Job_ID, Status_ID, Date_Applied, Last_Updated) VALUES (828, 10, 731, 601, '2026-07-30', '2026-08-03');
INSERT INTO Application (App_ID, Student_ID, Job_ID, Status_ID, Date_Applied, Last_Updated) VALUES (829, 10, 732, 602, '2026-07-31', '2026-08-05');
INSERT INTO Application (App_ID, Student_ID, Job_ID, Status_ID, Date_Applied, Last_Updated) VALUES (830, 10, 733, 603, '2026-08-01', '2026-08-07');
INSERT INTO Application (App_ID, Student_ID, Job_ID, Status_ID, Date_Applied, Last_Updated) VALUES (831, 11, 734, 602, '2026-07-31', '2026-08-05');
INSERT INTO Application (App_ID, Student_ID, Job_ID, Status_ID, Date_Applied, Last_Updated) VALUES (832, 11, 735, 603, '2026-08-01', '2026-08-07');
INSERT INTO Application (App_ID, Student_ID, Job_ID, Status_ID, Date_Applied, Last_Updated) VALUES (833, 11, 736, 604, '2026-08-02', '2026-08-09');
INSERT INTO Application (App_ID, Student_ID, Job_ID, Status_ID, Date_Applied, Last_Updated) VALUES (834, 12, 737, 603, '2026-08-01', '2026-08-07');
INSERT INTO Application (App_ID, Student_ID, Job_ID, Status_ID, Date_Applied, Last_Updated) VALUES (835, 12, 738, 604, '2026-08-02', '2026-08-09');
INSERT INTO Application (App_ID, Student_ID, Job_ID, Status_ID, Date_Applied, Last_Updated) VALUES (836, 12, 739, 605, '2026-08-03', '2026-08-04');
INSERT INTO Application (App_ID, Student_ID, Job_ID, Status_ID, Date_Applied, Last_Updated) VALUES (837, 13, 740, 604, '2026-08-02', '2026-08-09');
INSERT INTO Application (App_ID, Student_ID, Job_ID, Status_ID, Date_Applied, Last_Updated) VALUES (838, 13, 701, 605, '2026-08-03', '2026-08-04');
INSERT INTO Application (App_ID, Student_ID, Job_ID, Status_ID, Date_Applied, Last_Updated) VALUES (839, 13, 702, 601, '2026-08-04', '2026-08-06');
INSERT INTO Application (App_ID, Student_ID, Job_ID, Status_ID, Date_Applied, Last_Updated) VALUES (840, 14, 703, 605, '2026-08-03', '2026-08-04');
INSERT INTO Application (App_ID, Student_ID, Job_ID, Status_ID, Date_Applied, Last_Updated) VALUES (841, 14, 704, 601, '2026-08-04', '2026-08-06');
INSERT INTO Application (App_ID, Student_ID, Job_ID, Status_ID, Date_Applied, Last_Updated) VALUES (842, 14, 705, 602, '2026-08-05', '2026-08-08');
INSERT INTO Application (App_ID, Student_ID, Job_ID, Status_ID, Date_Applied, Last_Updated) VALUES (843, 15, 706, 601, '2026-08-04', '2026-08-06');
INSERT INTO Application (App_ID, Student_ID, Job_ID, Status_ID, Date_Applied, Last_Updated) VALUES (844, 15, 707, 602, '2026-08-05', '2026-08-08');
INSERT INTO Application (App_ID, Student_ID, Job_ID, Status_ID, Date_Applied, Last_Updated) VALUES (845, 15, 708, 603, '2026-08-06', '2026-08-10');
INSERT INTO Application (App_ID, Student_ID, Job_ID, Status_ID, Date_Applied, Last_Updated) VALUES (846, 16, 709, 602, '2026-08-05', '2026-08-08');
INSERT INTO Application (App_ID, Student_ID, Job_ID, Status_ID, Date_Applied, Last_Updated) VALUES (847, 16, 710, 603, '2026-08-06', '2026-08-10');
INSERT INTO Application (App_ID, Student_ID, Job_ID, Status_ID, Date_Applied, Last_Updated) VALUES (848, 16, 711, 604, '2026-08-07', '2026-08-12');
INSERT INTO Application (App_ID, Student_ID, Job_ID, Status_ID, Date_Applied, Last_Updated) VALUES (849, 17, 712, 603, '2026-08-06', '2026-08-10');
INSERT INTO Application (App_ID, Student_ID, Job_ID, Status_ID, Date_Applied, Last_Updated) VALUES (850, 17, 713, 604, '2026-08-07', '2026-08-12');
INSERT INTO Application (App_ID, Student_ID, Job_ID, Status_ID, Date_Applied, Last_Updated) VALUES (851, 17, 714, 605, '2026-08-08', '2026-08-14');
INSERT INTO Application (App_ID, Student_ID, Job_ID, Status_ID, Date_Applied, Last_Updated) VALUES (852, 18, 715, 604, '2026-08-07', '2026-08-12');
INSERT INTO Application (App_ID, Student_ID, Job_ID, Status_ID, Date_Applied, Last_Updated) VALUES (853, 18, 716, 605, '2026-08-08', '2026-08-14');
INSERT INTO Application (App_ID, Student_ID, Job_ID, Status_ID, Date_Applied, Last_Updated) VALUES (854, 18, 717, 601, '2026-08-09', '2026-08-16');
INSERT INTO Application (App_ID, Student_ID, Job_ID, Status_ID, Date_Applied, Last_Updated) VALUES (855, 19, 718, 605, '2026-08-08', '2026-08-14');
INSERT INTO Application (App_ID, Student_ID, Job_ID, Status_ID, Date_Applied, Last_Updated) VALUES (856, 19, 719, 601, '2026-08-09', '2026-08-16');
INSERT INTO Application (App_ID, Student_ID, Job_ID, Status_ID, Date_Applied, Last_Updated) VALUES (857, 19, 720, 602, '2026-08-10', '2026-08-11');
INSERT INTO Application (App_ID, Student_ID, Job_ID, Status_ID, Date_Applied, Last_Updated) VALUES (858, 20, 721, 601, '2026-08-09', '2026-08-16');
INSERT INTO Application (App_ID, Student_ID, Job_ID, Status_ID, Date_Applied, Last_Updated) VALUES (859, 20, 722, 602, '2026-08-10', '2026-08-11');
INSERT INTO Application (App_ID, Student_ID, Job_ID, Status_ID, Date_Applied, Last_Updated) VALUES (860, 20, 723, 603, '2026-08-11', '2026-08-13');
INSERT INTO Application (App_ID, Student_ID, Job_ID, Status_ID, Date_Applied, Last_Updated) VALUES (861, 21, 724, 602, '2026-08-10', '2026-08-11');
INSERT INTO Application (App_ID, Student_ID, Job_ID, Status_ID, Date_Applied, Last_Updated) VALUES (862, 21, 725, 603, '2026-08-11', '2026-08-13');
INSERT INTO Application (App_ID, Student_ID, Job_ID, Status_ID, Date_Applied, Last_Updated) VALUES (863, 21, 726, 604, '2026-08-12', '2026-08-15');
INSERT INTO Application (App_ID, Student_ID, Job_ID, Status_ID, Date_Applied, Last_Updated) VALUES (864, 22, 727, 603, '2026-08-11', '2026-08-13');
INSERT INTO Application (App_ID, Student_ID, Job_ID, Status_ID, Date_Applied, Last_Updated) VALUES (865, 22, 728, 604, '2026-08-12', '2026-08-15');
INSERT INTO Application (App_ID, Student_ID, Job_ID, Status_ID, Date_Applied, Last_Updated) VALUES (866, 22, 729, 605, '2026-08-13', '2026-08-17');
INSERT INTO Application (App_ID, Student_ID, Job_ID, Status_ID, Date_Applied, Last_Updated) VALUES (867, 23, 730, 604, '2026-08-12', '2026-08-15');
INSERT INTO Application (App_ID, Student_ID, Job_ID, Status_ID, Date_Applied, Last_Updated) VALUES (868, 23, 731, 605, '2026-08-13', '2026-08-17');
INSERT INTO Application (App_ID, Student_ID, Job_ID, Status_ID, Date_Applied, Last_Updated) VALUES (869, 23, 732, 601, '2026-08-14', '2026-08-19');
INSERT INTO Application (App_ID, Student_ID, Job_ID, Status_ID, Date_Applied, Last_Updated) VALUES (870, 24, 733, 605, '2026-08-13', '2026-08-17');
INSERT INTO Application (App_ID, Student_ID, Job_ID, Status_ID, Date_Applied, Last_Updated) VALUES (871, 24, 734, 601, '2026-08-14', '2026-08-19');
INSERT INTO Application (App_ID, Student_ID, Job_ID, Status_ID, Date_Applied, Last_Updated) VALUES (872, 24, 735, 602, '2026-08-15', '2026-08-21');
INSERT INTO Application (App_ID, Student_ID, Job_ID, Status_ID, Date_Applied, Last_Updated) VALUES (873, 25, 736, 601, '2026-08-14', '2026-08-19');
INSERT INTO Application (App_ID, Student_ID, Job_ID, Status_ID, Date_Applied, Last_Updated) VALUES (874, 25, 737, 602, '2026-08-15', '2026-08-21');
INSERT INTO Application (App_ID, Student_ID, Job_ID, Status_ID, Date_Applied, Last_Updated) VALUES (875, 25, 738, 603, '2026-08-16', '2026-08-23');
INSERT INTO Application (App_ID, Student_ID, Job_ID, Status_ID, Date_Applied, Last_Updated) VALUES (876, 26, 739, 602, '2026-08-15', '2026-08-21');
INSERT INTO Application (App_ID, Student_ID, Job_ID, Status_ID, Date_Applied, Last_Updated) VALUES (877, 26, 740, 603, '2026-08-16', '2026-08-23');
INSERT INTO Application (App_ID, Student_ID, Job_ID, Status_ID, Date_Applied, Last_Updated) VALUES (878, 26, 701, 604, '2026-08-17', '2026-08-18');
INSERT INTO Application (App_ID, Student_ID, Job_ID, Status_ID, Date_Applied, Last_Updated) VALUES (879, 27, 702, 603, '2026-08-16', '2026-08-23');
INSERT INTO Application (App_ID, Student_ID, Job_ID, Status_ID, Date_Applied, Last_Updated) VALUES (880, 27, 703, 604, '2026-08-17', '2026-08-18');
INSERT INTO Application (App_ID, Student_ID, Job_ID, Status_ID, Date_Applied, Last_Updated) VALUES (881, 27, 704, 605, '2026-08-18', '2026-08-20');
INSERT INTO Application (App_ID, Student_ID, Job_ID, Status_ID, Date_Applied, Last_Updated) VALUES (882, 28, 705, 604, '2026-08-17', '2026-08-18');
INSERT INTO Application (App_ID, Student_ID, Job_ID, Status_ID, Date_Applied, Last_Updated) VALUES (883, 28, 706, 605, '2026-08-18', '2026-08-20');
INSERT INTO Application (App_ID, Student_ID, Job_ID, Status_ID, Date_Applied, Last_Updated) VALUES (884, 28, 707, 601, '2026-08-19', '2026-08-22');
INSERT INTO Application (App_ID, Student_ID, Job_ID, Status_ID, Date_Applied, Last_Updated) VALUES (885, 29, 708, 605, '2026-08-18', '2026-08-20');
INSERT INTO Application (App_ID, Student_ID, Job_ID, Status_ID, Date_Applied, Last_Updated) VALUES (886, 29, 709, 601, '2026-08-19', '2026-08-22');
INSERT INTO Application (App_ID, Student_ID, Job_ID, Status_ID, Date_Applied, Last_Updated) VALUES (887, 29, 710, 602, '2026-08-20', '2026-08-24');
INSERT INTO Application (App_ID, Student_ID, Job_ID, Status_ID, Date_Applied, Last_Updated) VALUES (888, 30, 711, 601, '2026-08-19', '2026-08-22');
INSERT INTO Application (App_ID, Student_ID, Job_ID, Status_ID, Date_Applied, Last_Updated) VALUES (889, 30, 712, 602, '2026-08-20', '2026-08-24');
INSERT INTO Application (App_ID, Student_ID, Job_ID, Status_ID, Date_Applied, Last_Updated) VALUES (890, 30, 713, 603, '2026-08-21', '2026-08-26');
INSERT INTO Application (App_ID, Student_ID, Job_ID, Status_ID, Date_Applied, Last_Updated) VALUES (891, 31, 714, 602, '2026-08-20', '2026-08-24');
INSERT INTO Application (App_ID, Student_ID, Job_ID, Status_ID, Date_Applied, Last_Updated) VALUES (892, 31, 715, 603, '2026-08-21', '2026-08-26');
INSERT INTO Application (App_ID, Student_ID, Job_ID, Status_ID, Date_Applied, Last_Updated) VALUES (893, 31, 716, 604, '2026-08-22', '2026-08-28');
INSERT INTO Application (App_ID, Student_ID, Job_ID, Status_ID, Date_Applied, Last_Updated) VALUES (894, 32, 717, 603, '2026-08-21', '2026-08-26');
INSERT INTO Application (App_ID, Student_ID, Job_ID, Status_ID, Date_Applied, Last_Updated) VALUES (895, 32, 718, 604, '2026-08-22', '2026-08-28');
INSERT INTO Application (App_ID, Student_ID, Job_ID, Status_ID, Date_Applied, Last_Updated) VALUES (896, 32, 719, 605, '2026-08-23', '2026-08-30');
INSERT INTO Application (App_ID, Student_ID, Job_ID, Status_ID, Date_Applied, Last_Updated) VALUES (897, 33, 720, 604, '2026-08-22', '2026-08-28');
INSERT INTO Application (App_ID, Student_ID, Job_ID, Status_ID, Date_Applied, Last_Updated) VALUES (898, 33, 721, 605, '2026-08-23', '2026-08-30');
INSERT INTO Application (App_ID, Student_ID, Job_ID, Status_ID, Date_Applied, Last_Updated) VALUES (899, 33, 722, 601, '2026-08-24', '2026-08-25');
INSERT INTO Application (App_ID, Student_ID, Job_ID, Status_ID, Date_Applied, Last_Updated) VALUES (900, 34, 723, 605, '2026-08-23', '2026-08-30');
INSERT INTO Application (App_ID, Student_ID, Job_ID, Status_ID, Date_Applied, Last_Updated) VALUES (901, 34, 724, 601, '2026-08-24', '2026-08-25');
INSERT INTO Application (App_ID, Student_ID, Job_ID, Status_ID, Date_Applied, Last_Updated) VALUES (902, 34, 725, 602, '2026-08-25', '2026-08-27');
INSERT INTO Application (App_ID, Student_ID, Job_ID, Status_ID, Date_Applied, Last_Updated) VALUES (903, 35, 726, 601, '2026-08-24', '2026-08-25');
INSERT INTO Application (App_ID, Student_ID, Job_ID, Status_ID, Date_Applied, Last_Updated) VALUES (904, 35, 727, 602, '2026-08-25', '2026-08-27');
INSERT INTO Application (App_ID, Student_ID, Job_ID, Status_ID, Date_Applied, Last_Updated) VALUES (905, 35, 728, 603, '2026-08-26', '2026-08-29');
INSERT INTO Application (App_ID, Student_ID, Job_ID, Status_ID, Date_Applied, Last_Updated) VALUES (906, 36, 729, 602, '2026-08-25', '2026-08-27');
INSERT INTO Application (App_ID, Student_ID, Job_ID, Status_ID, Date_Applied, Last_Updated) VALUES (907, 36, 730, 603, '2026-08-26', '2026-08-29');
INSERT INTO Application (App_ID, Student_ID, Job_ID, Status_ID, Date_Applied, Last_Updated) VALUES (908, 36, 731, 604, '2026-08-27', '2026-08-31');
INSERT INTO Application (App_ID, Student_ID, Job_ID, Status_ID, Date_Applied, Last_Updated) VALUES (909, 37, 732, 603, '2026-08-26', '2026-08-29');
INSERT INTO Application (App_ID, Student_ID, Job_ID, Status_ID, Date_Applied, Last_Updated) VALUES (910, 37, 733, 604, '2026-08-27', '2026-08-31');
INSERT INTO Application (App_ID, Student_ID, Job_ID, Status_ID, Date_Applied, Last_Updated) VALUES (911, 37, 734, 605, '2026-08-28', '2026-09-02');
INSERT INTO Application (App_ID, Student_ID, Job_ID, Status_ID, Date_Applied, Last_Updated) VALUES (912, 38, 735, 604, '2026-08-27', '2026-08-31');
INSERT INTO Application (App_ID, Student_ID, Job_ID, Status_ID, Date_Applied, Last_Updated) VALUES (913, 38, 736, 605, '2026-08-28', '2026-09-02');
INSERT INTO Application (App_ID, Student_ID, Job_ID, Status_ID, Date_Applied, Last_Updated) VALUES (914, 38, 737, 601, '2026-07-20', '2026-07-26');
INSERT INTO Application (App_ID, Student_ID, Job_ID, Status_ID, Date_Applied, Last_Updated) VALUES (915, 39, 738, 605, '2026-08-28', '2026-09-02');
INSERT INTO Application (App_ID, Student_ID, Job_ID, Status_ID, Date_Applied, Last_Updated) VALUES (916, 39, 739, 601, '2026-07-20', '2026-07-26');
INSERT INTO Application (App_ID, Student_ID, Job_ID, Status_ID, Date_Applied, Last_Updated) VALUES (917, 39, 740, 602, '2026-07-21', '2026-07-28');
INSERT INTO Application (App_ID, Student_ID, Job_ID, Status_ID, Date_Applied, Last_Updated) VALUES (918, 40, 701, 601, '2026-07-20', '2026-07-26');
INSERT INTO Application (App_ID, Student_ID, Job_ID, Status_ID, Date_Applied, Last_Updated) VALUES (919, 40, 702, 602, '2026-07-21', '2026-07-28');
INSERT INTO Application (App_ID, Student_ID, Job_ID, Status_ID, Date_Applied, Last_Updated) VALUES (920, 40, 703, 603, '2026-07-22', '2026-07-23');
INSERT INTO Application (App_ID, Student_ID, Job_ID, Status_ID, Date_Applied, Last_Updated) VALUES (921, 41, 704, 602, '2026-07-21', '2026-07-28');
INSERT INTO Application (App_ID, Student_ID, Job_ID, Status_ID, Date_Applied, Last_Updated) VALUES (922, 41, 705, 603, '2026-07-22', '2026-07-23');
INSERT INTO Application (App_ID, Student_ID, Job_ID, Status_ID, Date_Applied, Last_Updated) VALUES (923, 41, 706, 604, '2026-07-23', '2026-07-25');
INSERT INTO Application (App_ID, Student_ID, Job_ID, Status_ID, Date_Applied, Last_Updated) VALUES (924, 42, 707, 603, '2026-07-22', '2026-07-23');
INSERT INTO Application (App_ID, Student_ID, Job_ID, Status_ID, Date_Applied, Last_Updated) VALUES (925, 42, 708, 604, '2026-07-23', '2026-07-25');
INSERT INTO Application (App_ID, Student_ID, Job_ID, Status_ID, Date_Applied, Last_Updated) VALUES (926, 42, 709, 605, '2026-07-24', '2026-07-27');
INSERT INTO Application (App_ID, Student_ID, Job_ID, Status_ID, Date_Applied, Last_Updated) VALUES (927, 43, 710, 604, '2026-07-23', '2026-07-25');
INSERT INTO Application (App_ID, Student_ID, Job_ID, Status_ID, Date_Applied, Last_Updated) VALUES (928, 43, 711, 605, '2026-07-24', '2026-07-27');
INSERT INTO Application (App_ID, Student_ID, Job_ID, Status_ID, Date_Applied, Last_Updated) VALUES (929, 43, 712, 601, '2026-07-25', '2026-07-29');
INSERT INTO Application (App_ID, Student_ID, Job_ID, Status_ID, Date_Applied, Last_Updated) VALUES (930, 44, 713, 605, '2026-07-24', '2026-07-27');
INSERT INTO Application (App_ID, Student_ID, Job_ID, Status_ID, Date_Applied, Last_Updated) VALUES (931, 44, 714, 601, '2026-07-25', '2026-07-29');
INSERT INTO Application (App_ID, Student_ID, Job_ID, Status_ID, Date_Applied, Last_Updated) VALUES (932, 44, 715, 602, '2026-07-26', '2026-07-31');
INSERT INTO Application (App_ID, Student_ID, Job_ID, Status_ID, Date_Applied, Last_Updated) VALUES (933, 45, 716, 601, '2026-07-25', '2026-07-29');
INSERT INTO Application (App_ID, Student_ID, Job_ID, Status_ID, Date_Applied, Last_Updated) VALUES (934, 45, 717, 602, '2026-07-26', '2026-07-31');
INSERT INTO Application (App_ID, Student_ID, Job_ID, Status_ID, Date_Applied, Last_Updated) VALUES (935, 45, 718, 603, '2026-07-27', '2026-08-02');
INSERT INTO Application (App_ID, Student_ID, Job_ID, Status_ID, Date_Applied, Last_Updated) VALUES (936, 46, 719, 602, '2026-07-26', '2026-07-31');
INSERT INTO Application (App_ID, Student_ID, Job_ID, Status_ID, Date_Applied, Last_Updated) VALUES (937, 46, 720, 603, '2026-07-27', '2026-08-02');
INSERT INTO Application (App_ID, Student_ID, Job_ID, Status_ID, Date_Applied, Last_Updated) VALUES (938, 46, 721, 604, '2026-07-28', '2026-08-04');
INSERT INTO Application (App_ID, Student_ID, Job_ID, Status_ID, Date_Applied, Last_Updated) VALUES (939, 47, 722, 603, '2026-07-27', '2026-08-02');
INSERT INTO Application (App_ID, Student_ID, Job_ID, Status_ID, Date_Applied, Last_Updated) VALUES (940, 47, 723, 604, '2026-07-28', '2026-08-04');
INSERT INTO Application (App_ID, Student_ID, Job_ID, Status_ID, Date_Applied, Last_Updated) VALUES (941, 47, 724, 605, '2026-07-29', '2026-07-30');
INSERT INTO Application (App_ID, Student_ID, Job_ID, Status_ID, Date_Applied, Last_Updated) VALUES (942, 48, 725, 604, '2026-07-28', '2026-08-04');
INSERT INTO Application (App_ID, Student_ID, Job_ID, Status_ID, Date_Applied, Last_Updated) VALUES (943, 48, 726, 605, '2026-07-29', '2026-07-30');
INSERT INTO Application (App_ID, Student_ID, Job_ID, Status_ID, Date_Applied, Last_Updated) VALUES (944, 48, 727, 601, '2026-07-30', '2026-08-01');
INSERT INTO Application (App_ID, Student_ID, Job_ID, Status_ID, Date_Applied, Last_Updated) VALUES (945, 49, 728, 605, '2026-07-29', '2026-07-30');
INSERT INTO Application (App_ID, Student_ID, Job_ID, Status_ID, Date_Applied, Last_Updated) VALUES (946, 49, 729, 601, '2026-07-30', '2026-08-01');
INSERT INTO Application (App_ID, Student_ID, Job_ID, Status_ID, Date_Applied, Last_Updated) VALUES (947, 49, 730, 602, '2026-07-31', '2026-08-03');
INSERT INTO Application (App_ID, Student_ID, Job_ID, Status_ID, Date_Applied, Last_Updated) VALUES (948, 50, 731, 601, '2026-07-30', '2026-08-01');
INSERT INTO Application (App_ID, Student_ID, Job_ID, Status_ID, Date_Applied, Last_Updated) VALUES (949, 50, 732, 602, '2026-07-31', '2026-08-03');
INSERT INTO Application (App_ID, Student_ID, Job_ID, Status_ID, Date_Applied, Last_Updated) VALUES (950, 50, 733, 603, '2026-08-01', '2026-08-05');
INSERT INTO Application (App_ID, Student_ID, Job_ID, Status_ID, Date_Applied, Last_Updated) VALUES (951, 51, 734, 602, '2026-07-31', '2026-08-03');
INSERT INTO Application (App_ID, Student_ID, Job_ID, Status_ID, Date_Applied, Last_Updated) VALUES (952, 51, 735, 603, '2026-08-01', '2026-08-05');
INSERT INTO Application (App_ID, Student_ID, Job_ID, Status_ID, Date_Applied, Last_Updated) VALUES (953, 51, 736, 604, '2026-08-02', '2026-08-07');
INSERT INTO Application (App_ID, Student_ID, Job_ID, Status_ID, Date_Applied, Last_Updated) VALUES (954, 52, 737, 603, '2026-08-01', '2026-08-05');
INSERT INTO Application (App_ID, Student_ID, Job_ID, Status_ID, Date_Applied, Last_Updated) VALUES (955, 52, 738, 604, '2026-08-02', '2026-08-07');
INSERT INTO Application (App_ID, Student_ID, Job_ID, Status_ID, Date_Applied, Last_Updated) VALUES (956, 52, 739, 605, '2026-08-03', '2026-08-09');
INSERT INTO Application (App_ID, Student_ID, Job_ID, Status_ID, Date_Applied, Last_Updated) VALUES (957, 53, 740, 604, '2026-08-02', '2026-08-07');
INSERT INTO Application (App_ID, Student_ID, Job_ID, Status_ID, Date_Applied, Last_Updated) VALUES (958, 53, 701, 605, '2026-08-03', '2026-08-09');
INSERT INTO Application (App_ID, Student_ID, Job_ID, Status_ID, Date_Applied, Last_Updated) VALUES (959, 53, 702, 601, '2026-08-04', '2026-08-11');
INSERT INTO Application (App_ID, Student_ID, Job_ID, Status_ID, Date_Applied, Last_Updated) VALUES (960, 54, 703, 605, '2026-08-03', '2026-08-09');
INSERT INTO Application (App_ID, Student_ID, Job_ID, Status_ID, Date_Applied, Last_Updated) VALUES (961, 54, 704, 601, '2026-08-04', '2026-08-11');
INSERT INTO Application (App_ID, Student_ID, Job_ID, Status_ID, Date_Applied, Last_Updated) VALUES (962, 54, 705, 602, '2026-08-05', '2026-08-06');
INSERT INTO Application (App_ID, Student_ID, Job_ID, Status_ID, Date_Applied, Last_Updated) VALUES (963, 55, 706, 601, '2026-08-04', '2026-08-11');
INSERT INTO Application (App_ID, Student_ID, Job_ID, Status_ID, Date_Applied, Last_Updated) VALUES (964, 55, 707, 602, '2026-08-05', '2026-08-06');
INSERT INTO Application (App_ID, Student_ID, Job_ID, Status_ID, Date_Applied, Last_Updated) VALUES (965, 55, 708, 603, '2026-08-06', '2026-08-08');
INSERT INTO Application (App_ID, Student_ID, Job_ID, Status_ID, Date_Applied, Last_Updated) VALUES (966, 56, 709, 602, '2026-08-05', '2026-08-06');
INSERT INTO Application (App_ID, Student_ID, Job_ID, Status_ID, Date_Applied, Last_Updated) VALUES (967, 56, 710, 603, '2026-08-06', '2026-08-08');
INSERT INTO Application (App_ID, Student_ID, Job_ID, Status_ID, Date_Applied, Last_Updated) VALUES (968, 56, 711, 604, '2026-08-07', '2026-08-10');
INSERT INTO Application (App_ID, Student_ID, Job_ID, Status_ID, Date_Applied, Last_Updated) VALUES (969, 57, 712, 603, '2026-08-06', '2026-08-08');
INSERT INTO Application (App_ID, Student_ID, Job_ID, Status_ID, Date_Applied, Last_Updated) VALUES (970, 57, 713, 604, '2026-08-07', '2026-08-10');
INSERT INTO Application (App_ID, Student_ID, Job_ID, Status_ID, Date_Applied, Last_Updated) VALUES (971, 57, 714, 605, '2026-08-08', '2026-08-12');
INSERT INTO Application (App_ID, Student_ID, Job_ID, Status_ID, Date_Applied, Last_Updated) VALUES (972, 58, 715, 604, '2026-08-07', '2026-08-10');
INSERT INTO Application (App_ID, Student_ID, Job_ID, Status_ID, Date_Applied, Last_Updated) VALUES (973, 58, 716, 605, '2026-08-08', '2026-08-12');
INSERT INTO Application (App_ID, Student_ID, Job_ID, Status_ID, Date_Applied, Last_Updated) VALUES (974, 58, 717, 601, '2026-08-09', '2026-08-14');
INSERT INTO Application (App_ID, Student_ID, Job_ID, Status_ID, Date_Applied, Last_Updated) VALUES (975, 59, 718, 605, '2026-08-08', '2026-08-12');
INSERT INTO Application (App_ID, Student_ID, Job_ID, Status_ID, Date_Applied, Last_Updated) VALUES (976, 59, 719, 601, '2026-08-09', '2026-08-14');
INSERT INTO Application (App_ID, Student_ID, Job_ID, Status_ID, Date_Applied, Last_Updated) VALUES (977, 59, 720, 602, '2026-08-10', '2026-08-16');
INSERT INTO Application (App_ID, Student_ID, Job_ID, Status_ID, Date_Applied, Last_Updated) VALUES (978, 60, 721, 601, '2026-08-09', '2026-08-14');
INSERT INTO Application (App_ID, Student_ID, Job_ID, Status_ID, Date_Applied, Last_Updated) VALUES (979, 60, 722, 602, '2026-08-10', '2026-08-16');
INSERT INTO Application (App_ID, Student_ID, Job_ID, Status_ID, Date_Applied, Last_Updated) VALUES (980, 60, 723, 603, '2026-08-11', '2026-08-18');
INSERT INTO Application (App_ID, Student_ID, Job_ID, Status_ID, Date_Applied, Last_Updated) VALUES (981, 1, 701, 601, '2026-09-03', '2026-09-05');
INSERT INTO Application (App_ID, Student_ID, Job_ID, Status_ID, Date_Applied, Last_Updated) VALUES (982, 2, 706, 602, '2026-09-04', '2026-09-06');
INSERT INTO Application (App_ID, Student_ID, Job_ID, Status_ID, Date_Applied, Last_Updated) VALUES (983, 3, 711, 603, '2026-09-05', '2026-09-07');
INSERT INTO Application (App_ID, Student_ID, Job_ID, Status_ID, Date_Applied, Last_Updated) VALUES (984, 4, 716, 604, '2026-09-06', '2026-09-08');
INSERT INTO Application (App_ID, Student_ID, Job_ID, Status_ID, Date_Applied, Last_Updated) VALUES (985, 5, 721, 605, '2026-09-07', '2026-09-09');
INSERT INTO Application (App_ID, Student_ID, Job_ID, Status_ID, Date_Applied, Last_Updated) VALUES (986, 6, 726, 601, '2026-09-08', '2026-09-10');
INSERT INTO Application (App_ID, Student_ID, Job_ID, Status_ID, Date_Applied, Last_Updated) VALUES (987, 7, 731, 602, '2026-09-09', '2026-09-11');
INSERT INTO Application (App_ID, Student_ID, Job_ID, Status_ID, Date_Applied, Last_Updated) VALUES (988, 8, 736, 603, '2026-09-10', '2026-09-12');
INSERT INTO Application (App_ID, Student_ID, Job_ID, Status_ID, Date_Applied, Last_Updated) VALUES (989, 9, 701, 604, '2026-09-11', '2026-09-13');
INSERT INTO Application (App_ID, Student_ID, Job_ID, Status_ID, Date_Applied, Last_Updated) VALUES (990, 10, 706, 605, '2026-09-12', '2026-09-14');
INSERT INTO Application (App_ID, Student_ID, Job_ID, Status_ID, Date_Applied, Last_Updated) VALUES (991, 11, 711, 601, '2026-09-13', '2026-09-15');
INSERT INTO Application (App_ID, Student_ID, Job_ID, Status_ID, Date_Applied, Last_Updated) VALUES (992, 12, 716, 602, '2026-09-14', '2026-09-16');
INSERT INTO Application (App_ID, Student_ID, Job_ID, Status_ID, Date_Applied, Last_Updated) VALUES (993, 13, 721, 603, '2026-09-15', '2026-09-17');
INSERT INTO Application (App_ID, Student_ID, Job_ID, Status_ID, Date_Applied, Last_Updated) VALUES (994, 14, 726, 604, '2026-09-16', '2026-09-18');
INSERT INTO Application (App_ID, Student_ID, Job_ID, Status_ID, Date_Applied, Last_Updated) VALUES (995, 15, 731, 605, '2026-09-17', '2026-09-19');
INSERT INTO Application (App_ID, Student_ID, Job_ID, Status_ID, Date_Applied, Last_Updated) VALUES (996, 16, 736, 601, '2026-09-18', '2026-09-20');
INSERT INTO Application (App_ID, Student_ID, Job_ID, Status_ID, Date_Applied, Last_Updated) VALUES (997, 17, 701, 602, '2026-09-19', '2026-09-21');
INSERT INTO Application (App_ID, Student_ID, Job_ID, Status_ID, Date_Applied, Last_Updated) VALUES (998, 18, 706, 603, '2026-09-20', '2026-09-22');
INSERT INTO Application (App_ID, Student_ID, Job_ID, Status_ID, Date_Applied, Last_Updated) VALUES (999, 19, 711, 604, '2026-09-21', '2026-09-23');
INSERT INTO Application (App_ID, Student_ID, Job_ID, Status_ID, Date_Applied, Last_Updated) VALUES (1000, 20, 716, 605, '2026-09-22', '2026-09-24');

-- Mentoring
INSERT INTO Mentoring (Mentoring_ID, Student_ID, Alumni_ID, Session_Date, Topic, Feedback) VALUES (901, 1, 61, '2026-09-02', 'Resume Review', 'Very Helpful');
INSERT INTO Mentoring (Mentoring_ID, Student_ID, Alumni_ID, Session_Date, Topic, Feedback) VALUES (902, 2, 62, '2026-09-03', 'Interview Preparation', 'Very Helpful');
INSERT INTO Mentoring (Mentoring_ID, Student_ID, Alumni_ID, Session_Date, Topic, Feedback) VALUES (903, 3, 63, '2026-09-04', 'DSA Guidance', 'Very Helpful');
INSERT INTO Mentoring (Mentoring_ID, Student_ID, Alumni_ID, Session_Date, Topic, Feedback) VALUES (904, 4, 64, '2026-09-05', 'Career Planning', 'Very Helpful');
INSERT INTO Mentoring (Mentoring_ID, Student_ID, Alumni_ID, Session_Date, Topic, Feedback) VALUES (905, 5, 65, '2026-09-06', 'Mock Interview', 'Very Helpful');
INSERT INTO Mentoring (Mentoring_ID, Student_ID, Alumni_ID, Session_Date, Topic, Feedback) VALUES (906, 6, 66, '2026-09-07', 'LinkedIn Profile', 'Very Helpful');
INSERT INTO Mentoring (Mentoring_ID, Student_ID, Alumni_ID, Session_Date, Topic, Feedback) VALUES (907, 7, 67, '2026-09-08', 'System Design', 'Very Helpful');
INSERT INTO Mentoring (Mentoring_ID, Student_ID, Alumni_ID, Session_Date, Topic, Feedback) VALUES (908, 8, 68, '2026-09-09', 'Higher Studies', 'Very Helpful');
INSERT INTO Mentoring (Mentoring_ID, Student_ID, Alumni_ID, Session_Date, Topic, Feedback) VALUES (909, 9, 69, '2026-09-10', 'Resume Review', 'Very Helpful');
INSERT INTO Mentoring (Mentoring_ID, Student_ID, Alumni_ID, Session_Date, Topic, Feedback) VALUES (910, 10, 70, '2026-09-11', 'Interview Preparation', 'Very Helpful');
INSERT INTO Mentoring (Mentoring_ID, Student_ID, Alumni_ID, Session_Date, Topic, Feedback) VALUES (911, 11, 71, '2026-09-12', 'DSA Guidance', 'Very Helpful');
INSERT INTO Mentoring (Mentoring_ID, Student_ID, Alumni_ID, Session_Date, Topic, Feedback) VALUES (912, 12, 72, '2026-09-13', 'Career Planning', 'Very Helpful');
INSERT INTO Mentoring (Mentoring_ID, Student_ID, Alumni_ID, Session_Date, Topic, Feedback) VALUES (913, 13, 73, '2026-09-14', 'Mock Interview', 'Very Helpful');
INSERT INTO Mentoring (Mentoring_ID, Student_ID, Alumni_ID, Session_Date, Topic, Feedback) VALUES (914, 14, 74, '2026-09-15', 'LinkedIn Profile', 'Very Helpful');
INSERT INTO Mentoring (Mentoring_ID, Student_ID, Alumni_ID, Session_Date, Topic, Feedback) VALUES (915, 15, 75, '2026-09-16', 'System Design', 'Very Helpful');
INSERT INTO Mentoring (Mentoring_ID, Student_ID, Alumni_ID, Session_Date, Topic, Feedback) VALUES (916, 16, 76, '2026-09-17', 'Higher Studies', 'Very Helpful');
INSERT INTO Mentoring (Mentoring_ID, Student_ID, Alumni_ID, Session_Date, Topic, Feedback) VALUES (917, 17, 77, '2026-09-18', 'Resume Review', 'Very Helpful');
INSERT INTO Mentoring (Mentoring_ID, Student_ID, Alumni_ID, Session_Date, Topic, Feedback) VALUES (918, 18, 78, '2026-09-19', 'Interview Preparation', 'Very Helpful');
INSERT INTO Mentoring (Mentoring_ID, Student_ID, Alumni_ID, Session_Date, Topic, Feedback) VALUES (919, 19, 79, '2026-09-20', 'DSA Guidance', 'Very Helpful');
INSERT INTO Mentoring (Mentoring_ID, Student_ID, Alumni_ID, Session_Date, Topic, Feedback) VALUES (920, 20, 80, '2026-09-21', 'Career Planning', 'Very Helpful');
INSERT INTO Mentoring (Mentoring_ID, Student_ID, Alumni_ID, Session_Date, Topic, Feedback) VALUES (921, 21, 61, '2026-09-22', 'Mock Interview', 'Very Helpful');
INSERT INTO Mentoring (Mentoring_ID, Student_ID, Alumni_ID, Session_Date, Topic, Feedback) VALUES (922, 22, 62, '2026-09-23', 'LinkedIn Profile', 'Very Helpful');
INSERT INTO Mentoring (Mentoring_ID, Student_ID, Alumni_ID, Session_Date, Topic, Feedback) VALUES (923, 23, 63, '2026-09-24', 'System Design', 'Very Helpful');
INSERT INTO Mentoring (Mentoring_ID, Student_ID, Alumni_ID, Session_Date, Topic, Feedback) VALUES (924, 24, 64, '2026-09-25', 'Higher Studies', 'Very Helpful');
INSERT INTO Mentoring (Mentoring_ID, Student_ID, Alumni_ID, Session_Date, Topic, Feedback) VALUES (925, 25, 65, '2026-09-26', 'Resume Review', 'Very Helpful');
INSERT INTO Mentoring (Mentoring_ID, Student_ID, Alumni_ID, Session_Date, Topic, Feedback) VALUES (926, 26, 66, '2026-09-27', 'Interview Preparation', 'Very Helpful');
INSERT INTO Mentoring (Mentoring_ID, Student_ID, Alumni_ID, Session_Date, Topic, Feedback) VALUES (927, 27, 67, '2026-09-28', 'DSA Guidance', 'Very Helpful');
INSERT INTO Mentoring (Mentoring_ID, Student_ID, Alumni_ID, Session_Date, Topic, Feedback) VALUES (928, 28, 68, '2026-09-29', 'Career Planning', 'Very Helpful');
INSERT INTO Mentoring (Mentoring_ID, Student_ID, Alumni_ID, Session_Date, Topic, Feedback) VALUES (929, 29, 69, '2026-09-30', 'Mock Interview', 'Very Helpful');
INSERT INTO Mentoring (Mentoring_ID, Student_ID, Alumni_ID, Session_Date, Topic, Feedback) VALUES (930, 30, 70, '2026-10-01', 'LinkedIn Profile', 'Very Helpful');
INSERT INTO Mentoring (Mentoring_ID, Student_ID, Alumni_ID, Session_Date, Topic, Feedback) VALUES (931, 31, 71, '2026-10-02', 'System Design', 'Very Helpful');
INSERT INTO Mentoring (Mentoring_ID, Student_ID, Alumni_ID, Session_Date, Topic, Feedback) VALUES (932, 32, 72, '2026-10-03', 'Higher Studies', 'Very Helpful');
INSERT INTO Mentoring (Mentoring_ID, Student_ID, Alumni_ID, Session_Date, Topic, Feedback) VALUES (933, 33, 73, '2026-10-04', 'Resume Review', 'Very Helpful');
INSERT INTO Mentoring (Mentoring_ID, Student_ID, Alumni_ID, Session_Date, Topic, Feedback) VALUES (934, 34, 74, '2026-10-05', 'Interview Preparation', 'Very Helpful');
INSERT INTO Mentoring (Mentoring_ID, Student_ID, Alumni_ID, Session_Date, Topic, Feedback) VALUES (935, 35, 75, '2026-10-06', 'DSA Guidance', 'Very Helpful');
INSERT INTO Mentoring (Mentoring_ID, Student_ID, Alumni_ID, Session_Date, Topic, Feedback) VALUES (936, 36, 76, '2026-10-07', 'Career Planning', 'Very Helpful');
INSERT INTO Mentoring (Mentoring_ID, Student_ID, Alumni_ID, Session_Date, Topic, Feedback) VALUES (937, 37, 77, '2026-10-08', 'Mock Interview', 'Very Helpful');
INSERT INTO Mentoring (Mentoring_ID, Student_ID, Alumni_ID, Session_Date, Topic, Feedback) VALUES (938, 38, 78, '2026-10-09', 'LinkedIn Profile', 'Very Helpful');
INSERT INTO Mentoring (Mentoring_ID, Student_ID, Alumni_ID, Session_Date, Topic, Feedback) VALUES (939, 39, 79, '2026-10-10', 'System Design', 'Very Helpful');
INSERT INTO Mentoring (Mentoring_ID, Student_ID, Alumni_ID, Session_Date, Topic, Feedback) VALUES (940, 40, 80, '2026-10-11', 'Higher Studies', 'Very Helpful');